Filename,Predictions_class,probality_class
test\30336c7ab7.jpg,mithun_chakraborty,60
test\1550f10789.jpg,randeep_hooda,100
test\3550a12fe2.jpg,kangana_ranaut,48
test\fb95f033d4.jpg,tabu,126
test\abadaf8f65.jpg,om_puri,74
test\91416630ea.jpg,pankaj_tripathi,76
test\55e58458c4.jpg,mohanlal,61
test\76174a2e5d.jpg,soumitra_chatterjee,122
test\8c51ea3036.jpg,anupam_kher,12
test\056cc86ca3.jpg,rajkummar_rao,95
test\74f2aafae0.jpg,tabu,126
test\6f5dec51c4.jpg,navin_nischol,70
test\64b934e50f.jpg,kalki_koechlin,46
test\2a9e63c3a3.jpg,kangana_ranaut,48
test\c1d74572f8.jpg,om_puri,74
test\13a6a9b464.jpg,rajesh_khanna,92
test\23b6210b64.jpg,sridevi,123
test\7c206d53d3.jpg,jeetendra,41
test\37d43ba5ba.jpg,waheeda_rehman,132
test\92305ee320.jpg,anupam_kher,12
test\70044c2222.jpg,ramya_krishnan,98
test\5abc734866.jpg,dev_anand,27
test\64fdda4367.jpg,mukul_dev,64
test\3edeb2e2fd.jpg,pawan_malhotra,78
test\b687f87ba2.jpg,akshay_kumar,3
test\341f7376b9.jpg,sharmila_tagore,118
test\549ad96d27.jpg,ranveer_singh,102
test\6a28b6e195.jpg,kay_kay_menon,49
test\8fb78815db.jpg,chunky_panday,22
test\61d26e03f1.jpg,neeraj_kabi,72
test\7745825e0d.jpg,raj_babbar,89
test\3f99690615.jpg,shah_rukh_khan,116
test\a652c1fb8f.jpg,kangana_ranaut,48
test\2439dbf885.jpg,konkona_sen_sharma,50
test\345fe9ef79.jpg,raj_kapoor,90
test\ab523a92fa.jpg,farhan_akhtar,31
test\8388e33438.jpg,raj_kapoor,90
test\5d217582ab.jpg,riteish_deshmukh,108
test\26d23cf667.jpg,kalki_koechlin,46
test\9b8daeed9a.jpg,rakhee_gulzar,97
test\721b771ce7.jpg,mammootty,55
test\277bd5fb7e.jpg,sanjay_dutt,113
test\02a27cbf6c.jpg,nagarjuna_akkineni,65
test\7bfd66a0be.jpg,pooja_bhatt,79
test\83e5b967e1.jpg,kalki_koechlin,46
test\8a50aea18e.jpg,kalki_koechlin,46
test\af974528f8.jpg,mita_vashisht,59
test\3cd48a3857.jpg,dilip_kumar,29
test\69e7f4764e.jpg,akshaye_khanna,4
test\a52d50c04c.jpg,girish_karnad,34
test\30df5a45aa.jpg,deepika_padukone,25
test\2c4ae8c330.jpg,mita_vashisht,59
test\48a817b9d4.jpg,rajkummar_rao,95
test\5b46676d55.jpg,zeenat_aman,134
test\8df165d126.jpg,prem_chopra,84
test\af2498cca6.jpg,irrfan_khan,39
test\bc578a2152.jpg,mita_vashisht,59
test\0e72217a8e.jpg,chiranjeevi,21
test\47b1a6e089.jpg,annu_kapoor,11
test\42c934dd29.jpg,ajay_devgn,2
test\1c98807da3.jpg,adil_hussain,1
test\411a58d960.jpg,smita_patil,121
test\048ac73058.jpg,priyanka_chopra,85
test\606f0d63fc.jpg,sharmila_tagore,118
test\9c445f55d8.jpg,prem_chopra,84
test\4e0ef5ff73.jpg,mohnish_bahl,62
test\18d7049236.jpg,raaj_kumar,86
test\067978af47.jpg,raj_kapoor,90
test\3b9868d5f0.jpg,ranveer_singh,102
test\35bb31257d.jpg,kulbhushan_kharbanda,51
test\f402c93895.jpg,darsheel_safary,24
test\88a718c057.jpg,jaspal_bhatti,40
test\f3877a3690.jpg,sharmila_tagore,118
test\7f95e12618.jpg,rajesh_khanna,92
test\8bd88a2bee.jpg,radhika_apte,87
test\4a7c385dad.jpg,pawan_malhotra,78
test\539cd0f7aa.jpg,mammootty,55
test\42c6c096cd.jpg,pankaj_tripathi,76
test\6fb6c88694.jpg,nagarjuna_akkineni,65
test\512bfe9086.jpg,annu_kapoor,11
test\8c821aacda.jpg,utpal_dutt,128
test\59b5851e38.jpg,anushka_shetty,13
test\6af04e823c.jpg,prem_chopra,84
test\5e1b2741c6.jpg,akshaye_khanna,4
test\2cce057f39.jpg,shreyas_talpade,120
test\30e9290a1a.jpg,saif_ali_khan,111
test\1857ba4e36.jpg,jaspal_bhatti,40
test\82ceeb3973.jpg,rahul_bose,88
test\9e6ede0e2a.jpg,manoj_bajpayee,56
test\80fc827601.jpg,ranveer_singh,102
test\1e569df030.jpg,rekha,105
test\5ab0da67d6.jpg,radhika_apte,87
test\64431b52b1.jpg,shashi_kapoor,119
test\309ee14e33.jpg,pooja_bhatt,79
test\738b547feb.jpg,sanjay_mishra,114
test\7ae04db769.jpg,anupam_kher,12
test\1200e2e43c.jpg,nargis,68
test\515ebe8482.jpg,kamal_haasan,47
test\72de305d7e.jpg,kader_khan,44
test\9a54f08bb4.jpg,mehmood,58
test\6a2ed49cbc.jpg,sachin_khedekar,109
test\4bcb29155c.jpg,asrani,17
test\74aaefe2f2.jpg,prem_chopra,84
test\39f6076e68.jpg,prem_chopra,84
test\5d089c7594.jpg,pooja_bhatt,79
test\16d6e42ff4.jpg,sharman_joshi,117
test\104a431510.jpg,saeed_jaffrey,110
test\8f5152537b.jpg,boman_irani,20
test\7c995bebc6.jpg,rakhee_gulzar,97
test\2955542f9b.jpg,ajay_devgn,2
test\6ef02244de.jpg,richa_chadha,106
test\04bbe78c9e.jpg,kalki_koechlin,46
test\16e969c0d7.jpg,prabhas,80
test\40d277bbb6.jpg,mohnish_bahl,62
test\7b6d54ea22.jpg,tabu,126
test\4c9946c889.jpg,amrish_puri,9
test\46e49acb29.jpg,rishi_kapoor,107
test\44d7189c10.jpg,saif_ali_khan,111
test\ff43f59e67.jpg,randeep_hooda,100
test\469fbad340.jpg,priyanka_chopra,85
test\74d9ca6689.jpg,amrish_puri,9
test\804ab99153.jpg,raj_kapoor,90
test\402c53f01a.jpg,amitabh_bachchan,5
test\30cdc2a081.jpg,boman_irani,20
test\6a0c8225f5.jpg,huma_qureshi,38
test\90a6265777.jpg,mita_vashisht,59
test\6220dc4832.jpg,konkona_sen_sharma,50
test\4ad477b9e0.jpg,amole_gupte,8
test\download (4).jpg,shabana_azmi,115
test\9e14ae9a57.jpg,paresh_rawal,77
test\e774aac80b.jpg,zarina_wahab,133
test\59a3796d32.jpg,hrithik_roshan,37
test\3132590c15.jpg,sanjay_dutt,113
test\1500fe9c18.jpg,kay_kay_menon,49
test\fd0070b1ae.jpg,saif_ali_khan,111
test\20536b670d.jpg,konkona_sen_sharma,50
test\0d514a3f3b.jpg,utpal_dutt,128
test\743e336417.jpg,prakash_raj,82
test\7c2a6c2d30.jpg,hrithik_roshan,37
test\9b6a83e849.jpg,rajkummar_rao,95
test\3c80a9e92b.jpg,saif_ali_khan,111
test\68c0ebf369.jpg,konkona_sen_sharma,50
test\85e0e70343.jpg,zarina_wahab,133
test\315c5b07cc.jpg,dharmendra,28
test\025fd08a89.jpg,aruna_irani,15
test\4da099e0a0.jpg,pawan_malhotra,78
test\20fc74fb93.jpg,irrfan_khan,39
test\9b16d912ba.jpg,pankaj_kapur,75
test\9ab96951d0.jpg,gulshan_grover,36
test\7848e6db76.jpg,rajesh_khanna,92
test\08c7a29da8.jpg,anupam_kher,12
test\82cac46448.jpg,mammootty,55
test\43e1a84649.jpg,rani_mukerji,101
test\74c79f2285.jpg,rajinikanth,93
test\4cf8158e04.jpg,rajkummar_rao,95
test\917ab584da.jpg,konkona_sen_sharma,50
test\140130491b.jpg,zarina_wahab,133
test\640449ac10.jpg,naseeruddin_shah,69
test\9cefb71bcb.jpg,saeed_jaffrey,110
test\6c4b8a2415.jpg,sharmila_tagore,118
test\83b65454bf.jpg,rani_mukerji,101
test\5feada170a.jpg,randeep_hooda,100
test\1b943e1c20.jpg,rajinikanth,93
test\5e5f142f29.jpg,madhavan,53
test\99f1997853.jpg,utpal_dutt,128
test\40d81690c0.jpg,raj_kapoor,90
test\df40b608b0.jpg,richa_chadha,106
test\f4533418d1.jpg,rajesh_khanna,92
test\65adbe048b.jpg,amole_gupte,8
test\69db55bfc6.jpg,nargis,68
test\1922deeb8b.jpg,pankaj_tripathi,76
test\0442ba3fe7.jpg,raaj_kumar,86
test\38a666d0f8.jpg,aruna_irani,15
test\4af4001bc8.jpg,sridevi,123
test\73f11e638f.jpg,anupam_kher,12
test\34de01e1ab.jpg,adil_hussain,1
test\8de5168641.jpg,amjad_khan,6
test\2625f51a94.jpg,sridevi,123
test\0865740e3f.jpg,waheeda_rehman,132
test\f9450a4a10.jpg,pawan_malhotra,78
test\5f6f84df5d.jpg,nagarjuna_akkineni,65
test\5f5a8610ec.jpg,nagarjuna_akkineni,65
test\055486385b.jpg,rani_mukerji,101
test\3f9405fc58.jpg,smita_patil,121
test\4ec681aafb.jpg,sharmila_tagore,118
test\173f7b14e9.jpg,paresh_rawal,77
test\807f5ec5cd.jpg,mita_vashisht,59
test\1c997684d3.jpg,rajesh_khanna,92
test\9a63cb462f.jpg,hrithik_roshan,37
test\32ac5b3640.jpg,annu_kapoor,11
test\4b0ca6e788.jpg,ranveer_singh,102
test\b764573061.jpg,mithun_chakraborty,60
test\4df57c711b.jpg,lara_dutta,52
test\aac8cbd7c9.jpg,asrani,17
test\90b69e1a0e.jpg,sridevi,123
test\41b0a76684.jpg,kangana_ranaut,48
test\79ebb6e16f.jpg,navin_nischol,70
test\89937936c4.jpg,pooja_bhatt,79
test\66d32dc7a8.jpg,vinod_khanna,131
test\4e88fefe21.jpg,navin_nischol,70
test\0373c76098.jpg,soumitra_chatterjee,122
test\6cfdf8f2ae.jpg,pankaj_tripathi,76
test\687cf9eaea.jpg,naseeruddin_shah,69
test\146d749baf.jpg,anupam_kher,12
test\6d882b83b5.jpg,anupam_kher,12
test\0068c08c8f.jpg,sunny_deol,125
test\7e14ad6a7c.jpg,navin_nischol,70
test\920d81565f.jpg,lara_dutta,52
test\13e4a13faa.jpg,danny_denzongpa,23
test\8ce3c13e61.jpg,hrithik_roshan,37
test\8c59864a20.jpg,akshay_kumar,3
test\4e0872ae1a.jpg,vinod_khanna,131
test\2ffd6959aa.jpg,rajkummar_rao,95
test\711e5a6e43.jpg,jeetendra,41
test\36cdb4b769.jpg,farida_jalal,32
test\bd270731e1.jpg,amol_palekar,7
test\0262f68fe2.jpg,hrithik_roshan,37
test\6a8f3de32a.jpg,saif_ali_khan,111
test\2b9d896ce0.jpg,govinda,35
test\648f456ea8.jpg,ranveer_singh,102
test\9a9b3d79a1.jpg,waheeda_rehman,132
test\127a8279b4.jpg,mukesh_khanna,63
test\5b399f3203.jpg,ayushmann_khurrana,19
test\6b46e2702c.jpg,farhan_akhtar,31
test\729ebe29e0.jpg,ranbir_kapoor,99
test\4ef0b1755e.jpg,hrithik_roshan,37
test\1bee15d6a6.jpg,amol_palekar,7
test\3847f96444.jpg,shah_rukh_khan,116
test\3dc226a01a.jpg,abhay_deol,0
test\96cc5dee28.jpg,darsheel_safary,24
test\4c6778e9f2.jpg,sanjay_mishra,114
test\10f9809a38.jpg,rajkummar_rao,95
test\96175f8c9a.jpg,deepika_padukone,25
test\ba83a61620.jpg,priyanka_chopra,85
test\1eaaa94c22.jpg,konkona_sen_sharma,50
test\3b924c3c50.jpg,nirupa_roy,73
test\5ab2e6efae.jpg,hrithik_roshan,37
test\6025f420a0.jpg,rajkummar_rao,95
test\46bd5cab91.jpg,radhika_apte,87
test\06f892272c.jpg,sharman_joshi,117
test\94d052c313.jpg,mehmood,58
test\4f48024c0d.jpg,amjad_khan,6
test\25ed6e07a8.jpg,sharmila_tagore,118
test\5a2cecd8df.jpg,kalki_koechlin,46
test\10af8ace8f.jpg,hrithik_roshan,37
test\853a591352.jpg,shabana_azmi,115
test\36bbb95d43.jpg,pran,83
test\0fa3a9361e.jpg,boman_irani,20
test\60aacd50b3.jpg,raaj_kumar,86
test\3f6f04d301.jpg,ranveer_singh,102
test\6aa1082b75.jpg,rishi_kapoor,107
test\8cd98df4c4.jpg,sunny_deol,125
test\26ed5508bb.jpg,manoj_bajpayee,56
test\8fd8570820.jpg,dilip_kumar,29
test\9ff39c6674.jpg,nagarjuna_akkineni,65
test\a302f4927e.jpg,rajesh_khanna,92
test\9ebfd62131.jpg,rajkummar_rao,95
test\708f980397.jpg,boman_irani,20
test\4ea645200e.jpg,pankaj_kapur,75
test\9dc8aab7da.jpg,naseeruddin_shah,69
test\09d0e7d94c.jpg,varun_dhawan,129
test\92de37056e.jpg,pankaj_kapur,75
test\4b18d29f44.jpg,ayushmann_khurrana,19
test\download (8).jpg,navin_nischol,70
test\9b5e42548e.jpg,nirupa_roy,73
test\9f426109da.jpg,abhay_deol,0
test\075d0ea4e6.jpg,rajkummar_rao,95
test\45bb2823ef.jpg,rajat_kapoor,91
test\9bab063251.jpg,jaspal_bhatti,40
test\6e2f7565d4.jpg,prabhas,80
test\3f79a3191b.jpg,rani_mukerji,101
test\12d5f29973.jpg,govinda,35
test\4f1bfc3ce8.jpg,saeed_jaffrey,110
test\268fdc7811.jpg,priyanka_chopra,85
test\4baba54339.jpg,rishi_kapoor,107
test\5db2dca5c9.jpg,rajat_kapoor,91
test\6a4f29edd5.jpg,raaj_kumar,86
test\14c0ed5c99.jpg,rajkummar_rao,95
test\4d5b01522c.jpg,waheeda_rehman,132
test\48d8f2ba3f.jpg,raj_babbar,89
test\11e306093b.jpg,irrfan_khan,39
test\7d4e8832f4.jpg,akshaye_khanna,4
test\0ca83a5edf.jpg,shabana_azmi,115
test\download (7).jpg,amitabh_bachchan,5
test\7bd10d7847.jpg,richa_chadha,106
test\7fc15d572c.jpg,sanjay_mishra,114
test\7edb15c1c9.jpg,navin_nischol,70
test\1495d5c9cf.jpg,ranveer_singh,102
test\9f11129496.jpg,saif_ali_khan,111
test\9b633fa754.jpg,rajat_kapoor,91
test\39ce31ef9a.jpg,kangana_ranaut,48
test\74a0d2f31c.jpg,mohnish_bahl,62
test\329264fd92.jpg,sanjay_dutt,113
test\8ec5ce6d47.jpg,lara_dutta,52
test\68fda1c4e0.jpg,rajit_kapoor,94
test\53bc18a247.jpg,atul_kulkarni,18
test\9e43ec381a.jpg,pankaj_kapur,75
test\7d294f73e2.jpg,radhika_apte,87
test\9a6d4e1f6c.jpg,navin_nischol,70
test\554d023c17.jpg,sanjay_dutt,113
test\9c35ef6578.jpg,gulshan_grover,36
test\66e441cd2e.jpg,priyanka_chopra,85
test\6a5a43b0c9.jpg,shreyas_talpade,120
test\86a3290c76.jpg,raaj_kumar,86
test\1140d1c7b4.jpg,dilip_kumar,29
test\9cbf04019c.jpg,rishi_kapoor,107
test\00ddf0c0c0.jpg,lara_dutta,52
test\768c9f2ed9.jpg,ramya_krishnan,98
test\4073f9bc4e.jpg,johnny_lever,43
test\5ae7ea5e68.jpg,akshay_kumar,3
test\8efbbd2294.jpg,abhay_deol,0
test\34239ab109.jpg,navin_nischol,70
test\0319b01876.jpg,huma_qureshi,38
test\83ced02e82.jpg,anupam_kher,12
test\8ae634a867.jpg,sanjay_mishra,114
test\6427fb8423.jpg,rani_mukerji,101
test\997b97496c.jpg,lara_dutta,52
test\82e884abd8.jpg,salman_khan,112
test\6f6ec00c6e.jpg,shah_rukh_khan,116
test\10a1c25c53.jpg,lara_dutta,52
test\5e5593df37.jpg,amrish_puri,9
test\6a58061e0d.jpg,priyanka_chopra,85
test\48cfc46b35.jpg,shreyas_talpade,120
test\528d7338a4.jpg,rani_mukerji,101
test\36d6a76af1.jpg,hrithik_roshan,37
test\2d7dc4570f.jpg,kay_kay_menon,49
test\4754df9844.jpg,pankaj_kapur,75
test\391c1f77c2.jpg,nirupa_roy,73
test\418da4668b.jpg,rajpal_yadav,96
test\8dea1ca2fd.jpg,raj_kapoor,90
test\7bb50f7312.jpg,mohnish_bahl,62
test\68b6eb7bcc.jpg,om_puri,74
test\40a2a6c9d4.jpg,boman_irani,20
test\5b96cbdb03.jpg,prabhu_deva,81
test\1455e17161.jpg,rakhee_gulzar,97
test\69400074ba.jpg,kader_khan,44
test\46ae0caaf3.jpg,girish_karnad,34
test\c0ee0ee4e2.jpg,kader_khan,44
test\72fd63ace9.jpg,prakash_raj,82
test\b787c8ee74.jpg,mita_vashisht,59
test\90f8f14130.jpg,ranveer_singh,102
test\4a797fa08d.jpg,arshad_warsi,14
test\3d1c471a9b.jpg,arshad_warsi,14
test\64b4cb1cb3.jpg,girish_karnad,34
test\317edbd253.jpg,tabu,126
test\9b56008c46.jpg,waheeda_rehman,132
test\850ca210c9.jpg,kangana_ranaut,48
test\9bddbcaa92.jpg,asrani,17
test\images (6).jpg,farooq_shaikh,33
test\027ec1a8b4.jpg,shabana_azmi,115
test\7c1adeaf42.jpg,rajesh_khanna,92
test\89c296b975.jpg,rani_mukerji,101
test\images (4).jpg,om_puri,74
test\22fd155492.jpg,nawazuddin_siddiqui,71
test\8073544095.jpg,chunky_panday,22
test\6d763b3d18.jpg,prakash_raj,82
test\a2eb5c6734.jpg,nandita_das,67
test\3c68d4a319.jpg,prem_chopra,84
test\286a0b50c9.jpg,pankaj_tripathi,76
test\737fb23f01.jpg,mohnish_bahl,62
test\72151cb9c3.jpg,dilip_kumar,29
test\4a4d7bdfe9.jpg,amol_palekar,7
test\4a9aa3cc8e.jpg,pran,83
test\9568dbe46b.jpg,rishi_kapoor,107
test\4a2b23752e.jpg,sanjay_mishra,114
test\3da217e71c.jpg,kalki_koechlin,46
test\8e0957dfcb.jpg,nandita_das,67
test\24e25b2b4d.jpg,nana_patekar,66
test\7c3fb3bf07.jpg,deepika_padukone,25
test\43a2ec713e.jpg,radhika_apte,87
test\74d1fb08de.jpg,mohanlal,61
test\4682f68627.jpg,shashi_kapoor,119
test\6a0114ccb8.jpg,rani_mukerji,101
test\c725a638bc.jpg,adil_hussain,1
test\6bdde40ca5.jpg,sharmila_tagore,118
test\7057f688ba.jpg,pankaj_tripathi,76
test\26a570c233.jpg,radhika_apte,87
test\7062bd39a1.jpg,shah_rukh_khan,116
test\cb3686f2a1.jpg,kay_kay_menon,49
test\3768ac1651.jpg,boman_irani,20
test\b796418ecf.jpg,johnny_lever,43
test\27e2fa57b9.jpg,prakash_raj,82
test\43e4eb0cc4.jpg,huma_qureshi,38
test\1f93f1cce5.jpg,sunny_deol,125
test\47a9c85962.jpg,sachin_khedekar,109
test\0bd27dc244.jpg,farida_jalal,32
test\1992d59cd1.jpg,sridevi,123
test\11f917bdf4.jpg,farida_jalal,32
test\770cc6a298.jpg,dharmendra,28
test\1f613c0e0b.jpg,mohnish_bahl,62
test\613e5a485d.jpg,ramya_krishnan,98
test\5746f4c98d.jpg,navin_nischol,70
test\2b9d07a1d1.jpg,rajkummar_rao,95
test\59f59758ca.jpg,sanjay_dutt,113
test\1f611f2ff0.jpg,sharmila_tagore,118
test\7bb0bf1493.jpg,farooq_shaikh,33
test\6d70a5e13f.jpg,rajat_kapoor,91
test\15b6e03e5b.jpg,rajkummar_rao,95
test\279d991faa.jpg,annu_kapoor,11
test\090fd8e872.jpg,madhavan,53
test\7a5d77f8ca.jpg,mithun_chakraborty,60
test\6b1a7b667e.jpg,soumitra_chatterjee,122
test\7c59af8c26.jpg,ramya_krishnan,98
test\106ec1ddcc.jpg,akshaye_khanna,4
test\6aa4b05432.jpg,sanjay_dutt,113
test\656cdd44b9.jpg,sharmila_tagore,118
test\53bbb2238f.jpg,mita_vashisht,59
test\8588a4b860.jpg,boman_irani,20
test\87fa527bfa.jpg,akshaye_khanna,4
test\691861bf91.jpg,zarina_wahab,133
test\821f8ee1ea.jpg,amitabh_bachchan,5
test\0a18f7ac30.jpg,sanjay_mishra,114
test\417e4eb15a.jpg,huma_qureshi,38
test\1a04cbdcfe.jpg,rishi_kapoor,107
test\14ee58e2eb.jpg,jaspal_bhatti,40
test\828795596d.jpg,rani_mukerji,101
test\3f25d28857.jpg,jimmy_sheirgill,42
test\426bc929e6.jpg,mukesh_khanna,63
test\90e90faa1a.jpg,pooja_bhatt,79
test\ca9dbcea70.jpg,pankaj_tripathi,76
test\0b21cdb9f4.jpg,prem_chopra,84
test\80820b0c7d.jpg,zarina_wahab,133
test\0a20decfbd.jpg,randeep_hooda,100
test\6b81de980e.jpg,amitabh_bachchan,5
test\8ec567e39f.jpg,boman_irani,20
test\6c02dc8738.jpg,dimple_kapadia,30
test\images (2).jpg,ranveer_singh,102
test\bc2ee0cc48.jpg,randeep_hooda,100
test\8e5276672f.jpg,pawan_malhotra,78
test\64f0e6df7b.jpg,salman_khan,112
test\613250cbcd.jpg,tinnu_anand,127
test\ff2c5496fe.jpg,sharman_joshi,117
test\81037d4b0c.jpg,ayushmann_khurrana,19
test\7b59a73d8f.jpg,soumitra_chatterjee,122
test\6a75bd4ffd.jpg,nargis,68
test\8d3dcb3270.jpg,farooq_shaikh,33
test\9ff7113e32.jpg,deepti_naval,26
test\7a02ece68a.jpg,pankaj_tripathi,76
test\51e343bb70.jpg,amol_palekar,7
test\64b8177765.jpg,ranveer_singh,102
test\3c711a9233.jpg,ajay_devgn,2
test\31de71b7e2.jpg,dilip_kumar,29
test\48f85f3083.jpg,anupam_kher,12
test\71fc937654.jpg,waheeda_rehman,132
test\302b084fe0.jpg,sunil_shetty,124
test\8ae414ea3d.jpg,rani_mukerji,101
test\3689e0aecc.jpg,amrish_puri,9
test\1931cbc87e.jpg,farooq_shaikh,33
test\4c48a2fe13.jpg,amol_palekar,7
test\6cb4085d41.jpg,prem_chopra,84
test\195fb5cece.jpg,vinod_khanna,131
test\953785e9aa.jpg,sharmila_tagore,118
test\29bbc17d12.jpg,hrithik_roshan,37
test\419ee71296.jpg,prakash_raj,82
test\4c5ef490d7.jpg,rajpal_yadav,96
test\6f2f0026dc.jpg,ajay_devgn,2
test\8f5b6ddc50.jpg,amol_palekar,7
test\18d7cc64c1.jpg,prem_chopra,84
test\2f4cf030fe.jpg,amol_palekar,7
test\82af61313c.jpg,mita_vashisht,59
test\91952aa62f.jpg,smita_patil,121
test\4fd2159fd3.jpg,ajay_devgn,2
test\65bcc799cb.jpg,prakash_raj,82
test\3c3521ac06.jpg,dharmendra,28
test\96a9cbfd46.jpg,soumitra_chatterjee,122
test\898e2e284b.jpg,kader_khan,44
test\90b9d1dd57.jpg,saif_ali_khan,111
test\46409c5e71.jpg,amol_palekar,7
test\2f6aed2967.jpg,sridevi,123
test\6141ac4e0b.jpg,kamal_haasan,47
test\3de3e08eb0.jpg,kay_kay_menon,49
test\7e3e81a1c9.jpg,lara_dutta,52
test\7c095912b8.jpg,akshaye_khanna,4
test\1e0837c371.jpg,amrish_puri,9
test\400fd6e6c2.jpg,om_puri,74
test\4dcfc56ae0.jpg,rajkummar_rao,95
test\7a075d4375.jpg,prem_chopra,84
test\73a65c46f9.jpg,vinod_khanna,131
test\190ccf2838.jpg,amol_palekar,7
test\92c03ae354.jpg,chiranjeevi,21
test\4aa5674f16.jpg,mohnish_bahl,62
test\8deccd6761.jpg,raj_babbar,89
test\8e6e6cb956.jpg,pankaj_tripathi,76
test\4de38113a4.jpg,annu_kapoor,11
test\627f701ae5.jpg,prem_chopra,84
test\62d1c47c48.jpg,nana_patekar,66
test\005947d275.jpg,anushka_shetty,13
test\9f8d7bd167.jpg,rani_mukerji,101
test\88aed6251a.jpg,kamal_haasan,47
test\78b3e7df5c.jpg,pran,83
test\8ac975263e.jpg,adil_hussain,1
test\161c266f40.jpg,waheeda_rehman,132
test\a82386b064.jpg,shreyas_talpade,120
test\5d14ec7f40.jpg,rajkummar_rao,95
test\236b4fe645.jpg,kalki_koechlin,46
test\8e64c8a5b0.jpg,shreyas_talpade,120
test\86addaa250.jpg,johnny_lever,43
test\43bd94c45f.jpg,vinod_khanna,131
test\962f0d2a10.jpg,konkona_sen_sharma,50
test\8b98a3f83a.jpg,farhan_akhtar,31
test\ecf6f84f9b.jpg,sridevi,123
test\8ebc80a4b4.jpg,rani_mukerji,101
test\3128dbebd7.jpg,dilip_kumar,29
test\23dbe09c1b.jpg,amrish_puri,9
test\16cfdce88d.jpg,kalki_koechlin,46
test\6881dc55a5.jpg,rakhee_gulzar,97
test\483886a992.jpg,hrithik_roshan,37
test\5f64d90a06.jpg,utpal_dutt,128
test\5e2c7878e7.jpg,ajay_devgn,2
test\5a893d1543.jpg,rekha,105
test\457eaa8104.jpg,soumitra_chatterjee,122
test\6385c5bfb3.jpg,anupam_kher,12
test\500b0515a7.jpg,amol_palekar,7
test\8ea5d932b0.jpg,pankaj_kapur,75
test\5aaa0e00ad.jpg,ranveer_singh,102
test\5e6d9bf6bf.jpg,smita_patil,121
test\372a154590.jpg,mohanlal,61
test\9a33da9c8a.jpg,rajkummar_rao,95
test\3bdaf0bc3b.jpg,sridevi,123
test\24aa157500.jpg,dilip_kumar,29
test\15db81cc38.jpg,kamal_haasan,47
test\59bd5065c4.jpg,amitabh_bachchan,5
test\00a2c20a18.jpg,jimmy_sheirgill,42
test\96a0fb5423.jpg,chunky_panday,22
test\82a663c4e9.jpg,dharmendra,28
test\90cb739591.jpg,sharmila_tagore,118
test\5d92f922f1.jpg,rajat_kapoor,91
test\944c5ebdcb.jpg,raj_kapoor,90
test\8ed469ca63.jpg,neeraj_kabi,72
test\6d83099aa9.jpg,amrish_puri,9
test\04e73a89d5.jpg,sridevi,123
test\1b31be2550.jpg,pran,83
test\319639e8b2.jpg,randeep_hooda,100
test\75a49dc98f.jpg,irrfan_khan,39
test\6eb183530d.jpg,pankaj_tripathi,76
test\07946cec2f.jpg,mithun_chakraborty,60
test\118c867614.jpg,sachin_khedekar,109
test\582f8e21d4.jpg,navin_nischol,70
test\8c618efa25.jpg,radhika_apte,87
test\5c52c195f4.jpg,atul_kulkarni,18
test\80db4d2a9e.jpg,asrani,17
test\9de6e5dc44.jpg,shabana_azmi,115
test\6b4a16155b.jpg,madhavan,53
test\3bdec9fe78.jpg,farhan_akhtar,31
test\4dbb6a76fa.jpg,pran,83
test\357ceb55cf.jpg,kay_kay_menon,49
test\82a5332d8a.jpg,sanjay_mishra,114
test\8caa80023b.jpg,asrani,17
test\916c5b7b64.jpg,abhay_deol,0
test\831a7df3ed.jpg,kay_kay_menon,49
test\61d8bdf15a.jpg,shabana_azmi,115
test\1637047256.jpg,kader_khan,44
test\a021187961.jpg,mukesh_khanna,63
test\a0b213baf1.jpg,rajkummar_rao,95
test\42a399d266.jpg,kalki_koechlin,46
test\463f6037df.jpg,utpal_dutt,128
test\7a2d228006.jpg,prakash_raj,82
test\9cc6ee1c29.jpg,manoj_pahwa,57
test\7028483158.jpg,akshay_kumar,3
test\2f4b5c762c.jpg,prem_chopra,84
test\85cfa59adf.jpg,mita_vashisht,59
test\6da105d5f7.jpg,paresh_rawal,77
test\43aed6a461.jpg,richa_chadha,106
test\0a6b48ea15.jpg,raj_kapoor,90
test\4a8c66a719.jpg,jeetendra,41
test\293624c3d8.jpg,amol_palekar,7
test\30cec0a3e4.jpg,ajay_devgn,2
test\6989060b73.jpg,dharmendra,28
test\4f0490cca5.jpg,amitabh_bachchan,5
test\0c493e5c91.jpg,soumitra_chatterjee,122
test\997e8ca84c.jpg,chiranjeevi,21
test\8a9e0bea40.jpg,konkona_sen_sharma,50
test\3e530ef809.jpg,mohnish_bahl,62
test\7d4c9b4226.jpg,kajol,45
test\b135f5843c.jpg,anupam_kher,12
test\40420d8c75.jpg,shah_rukh_khan,116
test\1d5cfa539a.jpg,sharmila_tagore,118
test\411fc36916.jpg,prakash_raj,82
test\183e50a472.jpg,girish_karnad,34
test\71f67fab98.jpg,rajkummar_rao,95
test\27bf95376c.jpg,nawazuddin_siddiqui,71
test\0430f8bd9b.jpg,aruna_irani,15
test\a5d2095e4e.jpg,nawazuddin_siddiqui,71
test\66bb593921.jpg,pran,83
test\4c6a249456.jpg,kamal_haasan,47
test\11e92bf065.jpg,saif_ali_khan,111
test\964fd2f763.jpg,kamal_haasan,47
test\3497af3617.jpg,nargis,68
test\09bb768900.jpg,saeed_jaffrey,110
test\6f767fc247.jpg,amitabh_bachchan,5
test\85cbd3fa00.jpg,pankaj_tripathi,76
test\408a39a5e9.jpg,mita_vashisht,59
test\d94c57b62a.jpg,mukul_dev,64
test\37fe6089c9.jpg,kader_khan,44
test\20b1fa94ea.jpg,navin_nischol,70
test\9f4d1fe2ce.jpg,mita_vashisht,59
test\81fe0fc487.jpg,kalki_koechlin,46
test\329adb5357.jpg,sanjay_mishra,114
test\86aa7e2992.jpg,farhan_akhtar,31
test\9d52143251.jpg,girish_karnad,34
test\88f230e1dd.jpg,rajesh_khanna,92
test\11f45d3576.jpg,ranvir_shorey,103
test\3c4a1e2462.jpg,rakhee_gulzar,97
test\6a12770985.jpg,jaspal_bhatti,40
test\72e6bde6e8.jpg,amol_palekar,7
test\3be568462b.jpg,huma_qureshi,38
test\9eba60d777.jpg,richa_chadha,106
test\841cba6169.jpg,rajkummar_rao,95
test\d53970208b.jpg,mohnish_bahl,62
test\4d8a4bcc00.jpg,shabana_azmi,115
test\9c49503467.jpg,boman_irani,20
test\04c3c65b49.jpg,mita_vashisht,59
test\74de7d9440.jpg,jimmy_sheirgill,42
test\9d7a361005.jpg,anupam_kher,12
test\images (1).jpg,mita_vashisht,59
test\77ff150928.jpg,kangana_ranaut,48
test\5b595e2ac8.jpg,mita_vashisht,59
test\f00779e579.jpg,amole_gupte,8
test\2b39c18857.jpg,deepti_naval,26
test\7d1d9e3a9d.jpg,naseeruddin_shah,69
test\71d4b500b5.jpg,amrish_puri,9
test\54027984a6.jpg,rishi_kapoor,107
test\3519ea2b20.jpg,ranveer_singh,102
test\30c27f7dbc.jpg,ranveer_singh,102
test\3ef82d82b7.jpg,utpal_dutt,128
test\93fcd50181.jpg,irrfan_khan,39
test\b737e85535.jpg,rajesh_khanna,92
test\88335cc554.jpg,smita_patil,121
test\77a238bd45.jpg,rajkummar_rao,95
test\457c6df7a9.jpg,hrithik_roshan,37
test\9f8557d8ef.jpg,tinnu_anand,127
test\18ad859f64.jpg,richa_chadha,106
test\ea16003981.jpg,boman_irani,20
test\765a7de5cd.jpg,kay_kay_menon,49
test\32ac3d2db0.jpg,amjad_khan,6
test\838e26ac79.jpg,manoj_bajpayee,56
test\5ce941b910.jpg,asrani,17
test\9ce3fff9b2.jpg,utpal_dutt,128
test\75a0e06288.jpg,jaspal_bhatti,40
test\0521d78985.jpg,tinnu_anand,127
test\210a7eb29d.jpg,dimple_kapadia,30
test\27b9ec2191.jpg,salman_khan,112
test\4b47a859c2.jpg,hrithik_roshan,37
test\5e5134462f.jpg,neeraj_kabi,72
test\51dd88d341.jpg,konkona_sen_sharma,50
test\72b0095b95.jpg,sharmila_tagore,118
test\9b3190bf52.jpg,mohanlal,61
test\7ad44b0a03.jpg,huma_qureshi,38
test\46ea535131.jpg,sanjay_dutt,113
test\3bfe5d7b13.jpg,chunky_panday,22
test\8b78a0b69e.jpg,raj_babbar,89
test\703f86fae0.jpg,mammootty,55
test\6ffcca0a4b.jpg,sunny_deol,125
test\209542befb.jpg,adil_hussain,1
test\a8606ace33.jpg,farida_jalal,32
test\1a20333626.jpg,priyanka_chopra,85
test\475c48eb14.jpg,tinnu_anand,127
test\5071e208f4.jpg,mammootty,55
test\0b3d3fa01d.jpg,pankaj_tripathi,76
test\0438e467c8.jpg,dilip_kumar,29
test\117b7ac8b0.jpg,dev_anand,27
test\51b72c6a9f.jpg,randeep_hooda,100
test\945d9d98bc.jpg,rajkummar_rao,95
test\a25afb2061.jpg,mithun_chakraborty,60
test\67eba8339e.jpg,boman_irani,20
test\6ca458a22b.jpg,om_puri,74
test\871f5b67d3.jpg,kader_khan,44
test\44d61335cc.jpg,shah_rukh_khan,116
test\991dc6fc23.jpg,gulshan_grover,36
test\6f0ddf38c8.jpg,raj_kapoor,90
test\7cf12aa816.jpg,akshay_kumar,3
test\6e5b79b4d3.jpg,farida_jalal,32
test\a605d69f6e.jpg,pawan_malhotra,78
test\0fc19cc9d3.jpg,ajay_devgn,2
test\8c6c694757.jpg,neeraj_kabi,72
test\9fc5127b39.jpg,shah_rukh_khan,116
test\85e3218fd9.jpg,amitabh_bachchan,5
test\8119aff214.jpg,radhika_apte,87
test\0b9acf58ba.jpg,mohanlal,61
test\55c219d811.jpg,amol_palekar,7
test\28d37390b8.jpg,soumitra_chatterjee,122
test\2a79fe13fc.jpg,aruna_irani,15
test\34ad7cede2.jpg,akshaye_khanna,4
test\7aaabaed15.jpg,farooq_shaikh,33
test\6f06da020a.jpg,mehmood,58
test\6d85fcb6b1.jpg,anupam_kher,12
test\5635021a20.jpg,tabu,126
test\6d971fec41.jpg,annu_kapoor,11
test\7ee36716ec.jpg,richa_chadha,106
test\7b700faf51.jpg,sharman_joshi,117
test\376b13bda5.jpg,asrani,17
test\58f40cb116.jpg,ratna_pathak_shah,104
test\31fc60a59b.jpg,akshaye_khanna,4
test\9ca894847b.jpg,nawazuddin_siddiqui,71
test\563b7c72e1.jpg,govinda,35
test\948aa7aa38.jpg,kulbhushan_kharbanda,51
test\5a674439be.jpg,akshay_kumar,3
test\3e15e11814.jpg,shah_rukh_khan,116
test\664bbb2ff7.jpg,pankaj_tripathi,76
test\74e1ac94a3.jpg,randeep_hooda,100
test\6b03a85ecf.jpg,kulbhushan_kharbanda,51
test\253b1f015f.jpg,shreyas_talpade,120
test\7df250adba.jpg,rani_mukerji,101
test\4b5318f8f6.jpg,pawan_malhotra,78
test\94f9c3eb76.jpg,neeraj_kabi,72
test\539d1570a6.jpg,deepti_naval,26
test\68a978abfb.jpg,kader_khan,44
test\3e42e6376e.jpg,sunny_deol,125
test\3fd2f5c33c.jpg,mohanlal,61
test\7cd8765ed3.jpg,priyanka_chopra,85
test\adc69b6de2.jpg,hrithik_roshan,37
test\53b756178b.jpg,rajesh_khanna,92
test\7dbfe0e91d.jpg,nargis,68
test\5593a33d44.jpg,zarina_wahab,133
test\9c18ab3bbf.jpg,pran,83
test\62d63e583a.jpg,mithun_chakraborty,60
test\24e0761075.jpg,dilip_kumar,29
test\3d4aea02e6.jpg,deepika_padukone,25
test\7360c4c2be.jpg,salman_khan,112
test\128b1c77d2.jpg,radhika_apte,87
test\81fddf021b.jpg,mithun_chakraborty,60
test\5c2ebd3f6b.jpg,riteish_deshmukh,108
test\854ebb3cbd.jpg,mita_vashisht,59
test\239fbe90ea.jpg,kalki_koechlin,46
test\fa9874426b.jpg,manoj_pahwa,57
test\31ea247d9e.jpg,pawan_malhotra,78
test\8a052f5029.jpg,govinda,35
test\58ae6fe7ab.jpg,pankaj_kapur,75
test\5e7ada1aff.jpg,kay_kay_menon,49
test\82a35dfbf7.jpg,rakhee_gulzar,97
test\7f0aac8901.jpg,nagarjuna_akkineni,65
test\45b63515e8.jpg,raj_kapoor,90
test\6c611c4729.jpg,danny_denzongpa,23
test\1818daa49d.jpg,randeep_hooda,100
test\94aad9de67.jpg,prem_chopra,84
test\65c64c0646.jpg,danny_denzongpa,23
test\0a4586bb3a.jpg,madhuri_dixit,54
test\002a973edb.jpg,waheeda_rehman,132
test\11df68ccfd.jpg,kader_khan,44
test\21ecdc3dca.jpg,tinnu_anand,127
test\59db4de2f6.jpg,prabhas,80
test\37dec5ebe5.jpg,anupam_kher,12
test\40f6e868d6.jpg,farhan_akhtar,31
test\6c7fd67cff.jpg,soumitra_chatterjee,122
test\84de824603.jpg,boman_irani,20
test\7b3dcc8f64.jpg,saif_ali_khan,111
test\7aba437c4e.jpg,raj_kapoor,90
test\32ef68146b.jpg,amrish_puri,9
test\5e80a9ffc8.jpg,manoj_pahwa,57
test\3be80a387d.jpg,randeep_hooda,100
test\0401de24c8.jpg,sharmila_tagore,118
test\312ed6f329.jpg,tabu,126
test\8ae41bfe31.jpg,hrithik_roshan,37
test\7550512adc.jpg,rajkummar_rao,95
test\3cd9ffcd17.jpg,amitabh_bachchan,5
test\7d835098a9.jpg,nandita_das,67
test\37fa53284c.jpg,navin_nischol,70
test\7add9775fb.jpg,om_puri,74
test\4ff338ba44.jpg,pankaj_tripathi,76
test\14f4bf0ae4.jpg,kalki_koechlin,46
test\94dca7043a.jpg,randeep_hooda,100
test\8eefbb409d.jpg,navin_nischol,70
test\3ee1d27490.jpg,jimmy_sheirgill,42
test\609ef0d8c3.jpg,smita_patil,121
test\0313f842e3.jpg,mithun_chakraborty,60
test\21c7d1d4bb.jpg,raj_babbar,89
test\13d1aed312.jpg,darsheel_safary,24
test\7e2f4126f5.jpg,ajay_devgn,2
test\3edcbb13ec.jpg,dimple_kapadia,30
test\718d76e7bf.jpg,salman_khan,112
test\9b2c532950.jpg,ranveer_singh,102
test\5857f1015c.jpg,nargis,68
test\1a77f9cd45.jpg,richa_chadha,106
test\9c6361bf78.jpg,sunny_deol,125
test\ac29cf8c5b.jpg,mukul_dev,64
test\3cdfb01cde.jpg,govinda,35
test\2c7d9b8137.jpg,nandita_das,67
test\5615ed02fc.jpg,salman_khan,112
test\145b6557e5.jpg,ranveer_singh,102
test\7f04e54743.jpg,mita_vashisht,59
test\9dcf42f811.jpg,salman_khan,112
test\87bf4ee144.jpg,pran,83
test\98ce0d05b6.jpg,sanjay_dutt,113
test\657ee38e83.jpg,sanjay_dutt,113
test\eabe95adb2.jpg,nagarjuna_akkineni,65
test\8cd9c77afa.jpg,dilip_kumar,29
test\468c65ecfe.jpg,amitabh_bachchan,5
test\5ab7726563.jpg,irrfan_khan,39
test\79d11c475f.jpg,mohanlal,61
test\3b58497b66.jpg,mita_vashisht,59
test\5de86443b1.jpg,ayushmann_khurrana,19
test\0211d3c01c.jpg,chunky_panday,22
test\4a8d319d0e.jpg,shah_rukh_khan,116
test\ae76923cd1.jpg,lara_dutta,52
test\97a4bda8fb.jpg,boman_irani,20
test\3ba1b1f26d.jpg,pran,83
test\9d7d22cbc9.jpg,ranbir_kapoor,99
test\3c35b7477a.jpg,zeenat_aman,134
test\08c21cbd76.jpg,waheeda_rehman,132
test\206ae6feaa.jpg,manoj_bajpayee,56
test\46152a7294.jpg,prabhas,80
test\3b05994abb.jpg,rajinikanth,93
test\e5541ea4d4.jpg,kamal_haasan,47
test\72fee37c36.jpg,darsheel_safary,24
test\ad7b42df14.jpg,farida_jalal,32
test\97be8fe9a1.jpg,shah_rukh_khan,116
test\65de861f13.jpg,neeraj_kabi,72
test\289be286d2.jpg,ajay_devgn,2
test\59f99e024a.jpg,randeep_hooda,100
test\375a38f220.jpg,rakhee_gulzar,97
test\ab40d88e9e.jpg,shah_rukh_khan,116
test\61eaf0b1c4.jpg,tabu,126
test\007314fcc4.jpg,kader_khan,44
test\afac75249b.jpg,mithun_chakraborty,60
test\f955430119.jpg,dharmendra,28
test\85b4c1c831.jpg,lara_dutta,52
test\2a21d73d8d.jpg,raj_babbar,89
test\8a22b161b3.jpg,paresh_rawal,77
test\2cc46805f1.jpg,randeep_hooda,100
test\a11aa042e2.jpg,amrish_puri,9
test\50da3bdac3.jpg,farida_jalal,32
test\3049fac979.jpg,om_puri,74
test\4d023668bc.jpg,paresh_rawal,77
test\5b1e2f5ec6.jpg,rekha,105
test\6fece9dcfc.jpg,boman_irani,20
test\76dc335475.jpg,sharman_joshi,117
test\61fbc34b57.jpg,deepika_padukone,25
test\9d00afd0a4.jpg,atul_kulkarni,18
test\7fba70d2cc.jpg,mita_vashisht,59
test\4cfe919f20.jpg,mithun_chakraborty,60
test\437c8aad9c.jpg,ranbir_kapoor,99
test\6ef27b2f01.jpg,kajol,45
test\6e9cf86466.jpg,rakhee_gulzar,97
test\8089d3131e.jpg,mohanlal,61
test\839d4fee45.jpg,shreyas_talpade,120
test\b2995f8de3.jpg,mohnish_bahl,62
test\6a4f7105bb.jpg,priyanka_chopra,85
test\9e604c2eb0.jpg,chiranjeevi,21
test\530d2019c7.jpg,farida_jalal,32
test\3facd54c71.jpg,kangana_ranaut,48
test\16e7f54724.jpg,hrithik_roshan,37
test\9e843c7970.jpg,prem_chopra,84
test\38545e03e5.jpg,utpal_dutt,128
test\5a2fe29dfe.jpg,jeetendra,41
test\11f0aa06e4.jpg,vinod_khanna,131
test\2d46be455b.jpg,annu_kapoor,11
test\a1f9bb8136.jpg,raaj_kumar,86
test\1bf7ebfe43.jpg,rani_mukerji,101
test\665fa40f1b.jpg,adil_hussain,1
test\8e136b06d4.jpg,navin_nischol,70
test\0968f9f404.jpg,riteish_deshmukh,108
test\1d5b7f3a9d.jpg,ramya_krishnan,98
test\14e1383527.jpg,farida_jalal,32
test\ae9bb3e45e.jpg,sharmila_tagore,118
test\28e82b29d4.jpg,farooq_shaikh,33
test\52f436d4e5.jpg,amole_gupte,8
test\3b5631e682.jpg,sridevi,123
test\8d549ca86b.jpg,paresh_rawal,77
test\9bad7fe510.jpg,kalki_koechlin,46
test\38aa18d3ac.jpg,jimmy_sheirgill,42
test\26c1d1f542.jpg,sunny_deol,125
test\6ffe3c9b7d.jpg,priyanka_chopra,85
test\3f6870e604.jpg,sachin_khedekar,109
test\3ba5246036.jpg,rajkummar_rao,95
test\b72f6b7fd5.jpg,abhay_deol,0
test\6ecc71500f.jpg,sharmila_tagore,118
test\0b9a662284.jpg,govinda,35
test\968267bdf2.jpg,farhan_akhtar,31
test\3f56f4b334.jpg,nargis,68
test\79edad3435.jpg,annu_kapoor,11
test\239ad3d358.jpg,nargis,68
test\25db28d938.jpg,aruna_irani,15
test\db3d4d2bc2.jpg,adil_hussain,1
test\69aec89eb7.jpg,rani_mukerji,101
test\ab242a1672.jpg,rishi_kapoor,107
test\3d2d3a596e.jpg,tinnu_anand,127
test\5f7d429258.jpg,dharmendra,28
test\19cb16d6e3.jpg,chunky_panday,22
test\51b1031316.jpg,rishi_kapoor,107
test\9e519f015a.jpg,jeetendra,41
test\7fe5475cab.jpg,irrfan_khan,39
test\14b25cc0d1.jpg,pankaj_kapur,75
test\4bae620294.jpg,amol_palekar,7
test\2fe9596aae.jpg,raj_kapoor,90
test\7bde572620.jpg,rani_mukerji,101
test\5e0bbbe211.jpg,kay_kay_menon,49
test\206d9272c1.jpg,pran,83
test\509ddc1f3b.jpg,ashish_vidyarthi,16
test\58e7381209.jpg,kay_kay_menon,49
test\6dd52a9909.jpg,hrithik_roshan,37
test\images (8).jpg,rani_mukerji,101
test\23171f1374.jpg,nandita_das,67
test\8fbda34a0d.jpg,zarina_wahab,133
test\00dd5dc96e.jpg,jaspal_bhatti,40
test\424551fb3a.jpg,hrithik_roshan,37
test\5003d9a306.jpg,sanjay_dutt,113
test\06b838805d.jpg,zarina_wahab,133
test\30c65beb6f.jpg,ayushmann_khurrana,19
test\137e57e71a.jpg,varun_dhawan,129
test\787df5e729.jpg,manoj_pahwa,57
test\0c6295032e.jpg,soumitra_chatterjee,122
test\fde3ba72ce.jpg,mita_vashisht,59
test\8ab9350eda.jpg,jaspal_bhatti,40
test\7eb2ad7dc7.jpg,pankaj_kapur,75
test\2dca034347.jpg,kalki_koechlin,46
test\a58812ae0a.jpg,radhika_apte,87
test\13a3dc9b17.jpg,mohnish_bahl,62
test\3334ae524b.jpg,pankaj_tripathi,76
test\62211b8752.jpg,utpal_dutt,128
test\6b0eb36eb1.jpg,hrithik_roshan,37
test\2eca5442f1.jpg,nana_patekar,66
test\6f5be56663.jpg,shah_rukh_khan,116
test\679b8a4361.jpg,randeep_hooda,100
test\1b3160ecbc.jpg,ajay_devgn,2
test\44ae4ec66d.jpg,anil_kapoor,10
test\7d46c883e8.jpg,vinod_khanna,131
test\621e60ed1a.jpg,ranveer_singh,102
test\bfeebb5b5a.jpg,amitabh_bachchan,5
test\4e1c566e23.jpg,jaspal_bhatti,40
test\3e8c8baeee.jpg,om_puri,74
test\7981a4d7de.jpg,prakash_raj,82
test\8cdf875192.jpg,manoj_pahwa,57
test\9ef514bac8.jpg,ranvir_shorey,103
test\322de5f735.jpg,sharman_joshi,117
test\d8874ab59f.jpg,sharmila_tagore,118
test\02a9d75037.jpg,soumitra_chatterjee,122
test\27cb3636c7.jpg,ajay_devgn,2
test\49800ecf8a.jpg,ranveer_singh,102
test\542e965933.jpg,mithun_chakraborty,60
test\6f86234923.jpg,adil_hussain,1
test\7fdc273acb.jpg,rajkummar_rao,95
test\1e696e3b2c.jpg,varun_dhawan,129
test\5f6d44992f.jpg,raj_kapoor,90
test\78abaaef54.jpg,saif_ali_khan,111
test\300be6f070.jpg,sachin_khedekar,109
test\840fe2fa31.jpg,smita_patil,121
test\68a43319d8.jpg,gulshan_grover,36
test\020c8348eb.jpg,neeraj_kabi,72
test\2cd30b649a.jpg,rakhee_gulzar,97
test\75ddf4232b.jpg,atul_kulkarni,18
test\50b4480eb5.jpg,utpal_dutt,128
test\8b483243e8.jpg,hrithik_roshan,37
test\5bf06a4222.jpg,pankaj_tripathi,76
test\1b932d04dc.jpg,kalki_koechlin,46
test\6633af73c7.jpg,waheeda_rehman,132
test\56daeb6da9.jpg,asrani,17
test\71dac10eda.jpg,kalki_koechlin,46
test\5e39679009.jpg,rajpal_yadav,96
test\690f96d44b.jpg,ajay_devgn,2
test\682e1b0534.jpg,rajesh_khanna,92
test\717fa58e38.jpg,rekha,105
test\3dbc597656.jpg,kajol,45
test\2746ee470d.jpg,raj_kapoor,90
test\4318ac717d.jpg,vinod_khanna,131
test\7d02e3d61d.jpg,tinnu_anand,127
test\42c5f67244.jpg,amitabh_bachchan,5
test\9024ebbcdf.jpg,amol_palekar,7
test\0bdadc3a12.jpg,annu_kapoor,11
test\9e1b1d72b4.jpg,sridevi,123
test\92c9f9b7e4.jpg,lara_dutta,52
test\6c1c5ee6ee.jpg,girish_karnad,34
test\299d10a25e.jpg,amol_palekar,7
test\96a1454d76.jpg,sridevi,123
test\3e08beb53c.jpg,ranveer_singh,102
test\6a47165934.jpg,rajat_kapoor,91
test\13ade06b45.jpg,rajkummar_rao,95
test\346a94143f.jpg,prakash_raj,82
test\216dc44445.jpg,amrish_puri,9
test\9bec3c8b33.jpg,pankaj_tripathi,76
test\36f1d018fb.jpg,anupam_kher,12
test\695c1da843.jpg,smita_patil,121
test\0096ba7034.jpg,dimple_kapadia,30
test\7327bb6911.jpg,kajol,45
test\10eb4db243.jpg,raj_kapoor,90
test\fd863677b9.jpg,huma_qureshi,38
test\13d6b206b0.jpg,amrish_puri,9
test\3ebc57bc9e.jpg,sunny_deol,125
test\7829899259.jpg,girish_karnad,34
test\7c8fbc2382.jpg,pankaj_tripathi,76
test\9d36d76f93.jpg,amrish_puri,9
test\27cab7fc9f.jpg,hrithik_roshan,37
test\4e3d2bd722.jpg,govinda,35
test\299db0268f.jpg,sunil_shetty,124
test\5b88d7f066.jpg,pawan_malhotra,78
test\4d14224a1d.jpg,dilip_kumar,29
test\e3bee6cec4.jpg,lara_dutta,52
test\d001dea35c.jpg,kay_kay_menon,49
test\6d925850fa.jpg,sachin_khedekar,109
test\49f405fcd3.jpg,sanjay_dutt,113
test\4b9d8420ac.jpg,rajkummar_rao,95
test\0a2717b374.jpg,randeep_hooda,100
test\905dab166f.jpg,jeetendra,41
test\b5e973a13e.jpg,shah_rukh_khan,116
test\5a9024bf6c.jpg,adil_hussain,1
test\8d89d15085.jpg,adil_hussain,1
test\36748a42cb.jpg,dharmendra,28
test\14618e2c3e.jpg,priyanka_chopra,85
test\48ff2eaf35.jpg,raj_babbar,89
test\7d5a1adabb.jpg,deepti_naval,26
test\58daed3e0f.jpg,kajol,45
test\9e0c43fb16.jpg,chunky_panday,22
test\80344ff657.jpg,lara_dutta,52
test\72afbb47a3.jpg,aruna_irani,15
test\448a8af626.jpg,anupam_kher,12
test\532de424bd.jpg,rishi_kapoor,107
test\891ea20830.jpg,mehmood,58
test\60abc85b6c.jpg,sanjay_dutt,113
test\57ad182121.jpg,ajay_devgn,2
test\b9d8cad2eb.jpg,amol_palekar,7
test\2de529c92c.jpg,richa_chadha,106
test\511a83099e.jpg,pawan_malhotra,78
test\060e288f78.jpg,ranbir_kapoor,99
test\60a4363663.jpg,dimple_kapadia,30
test\1be5634976.jpg,rani_mukerji,101
test\332e447e1c.jpg,tabu,126
test\78c5c0a96a.jpg,rajat_kapoor,91
test\369e48dd6e.jpg,pawan_malhotra,78
test\6452936c05.jpg,adil_hussain,1
test\62ba607926.jpg,raj_kapoor,90
test\95c279ef55.jpg,girish_karnad,34
test\a4f9da1075.jpg,shabana_azmi,115
test\9a87839711.jpg,waheeda_rehman,132
test\6a917ba920.jpg,adil_hussain,1
test\7e94f2b4d9.jpg,rajat_kapoor,91
test\80ccf54b01.jpg,tabu,126
test\76f6f0ed00.jpg,mehmood,58
test\9418afe742.jpg,jaspal_bhatti,40
test\9f3587df0a.jpg,asrani,17
test\download (1).jpg,kalki_koechlin,46
test\2a68d2d662.jpg,dev_anand,27
test\1281e2c677.jpg,mita_vashisht,59
test\2b6f419eca.jpg,deepti_naval,26
test\4d1cfbf1ed.jpg,adil_hussain,1
test\31f80af2c8.jpg,shabana_azmi,115
test\5409d95abf.jpg,boman_irani,20
test\85eb246e80.jpg,mithun_chakraborty,60
test\41ac1bf038.jpg,nirupa_roy,73
test\208f705aad.jpg,kalki_koechlin,46
test\42e5834849.jpg,lara_dutta,52
test\23f31e3b20.jpg,mithun_chakraborty,60
test\9387a71e3c.jpg,mammootty,55
test\79b433759f.jpg,navin_nischol,70
test\6a0a5de2ea.jpg,govinda,35
test\156138d778.jpg,radhika_apte,87
test\032bebeefc.jpg,anupam_kher,12
test\51afcd5129.jpg,sridevi,123
test\417345d553.jpg,saif_ali_khan,111
test\5bdbfb7e9f.jpg,ranveer_singh,102
test\70a3afa310.jpg,rajkummar_rao,95
test\36ff0b8ba2.jpg,sachin_khedekar,109
test\8f15dce178.jpg,nandita_das,67
test\07f447faab.jpg,neeraj_kabi,72
test\3075c9d27d.jpg,ramya_krishnan,98
test\8cdc67d0c5.jpg,amol_palekar,7
test\5ea9c38932.jpg,amol_palekar,7
test\865bb896e8.jpg,aruna_irani,15
test\1927227705.jpg,jimmy_sheirgill,42
test\26f3633056.jpg,mithun_chakraborty,60
test\33cd4c4185.jpg,manoj_pahwa,57
test\2e56456ca2.jpg,asrani,17
test\97a13daf80.jpg,govinda,35
test\ebad89ae3d.jpg,ajay_devgn,2
test\3ca8ed632f.jpg,darsheel_safary,24
test\94c1bd5bc8.jpg,rajkummar_rao,95
test\667f230b6d.jpg,amrish_puri,9
test\41d725f2b8.jpg,sridevi,123
test\41809fa982.jpg,sridevi,123
test\3fed5d085e.jpg,madhuri_dixit,54
test\40e19c3c04.jpg,anupam_kher,12
test\4cdb3a3686.jpg,sharmila_tagore,118
test\e34141b45b.jpg,govinda,35
test\687b48b6d6.jpg,amol_palekar,7
test\6a053eb235.jpg,randeep_hooda,100
test\738cc6de8b.jpg,rishi_kapoor,107
test\download (11).jpg,rajkummar_rao,95
test\4ac0649487.jpg,navin_nischol,70
test\2eb66dce76.jpg,prabhas,80
test\9aeed17fe2.jpg,lara_dutta,52
test\7ca4c93d9f.jpg,mita_vashisht,59
test\15b19abde8.jpg,tabu,126
test\364b4e5a06.jpg,ajay_devgn,2
test\073d391dde.jpg,deepika_padukone,25
test\5b42a66e7d.jpg,jeetendra,41
test\3984e951eb.jpg,pankaj_tripathi,76
test\0020b5ba2c.jpg,rajinikanth,93
test\3db5da6c3f.jpg,jeetendra,41
test\4016fdf732.jpg,shah_rukh_khan,116
test\8d1bc8a56b.jpg,richa_chadha,106
test\08fd7b4f3c.jpg,soumitra_chatterjee,122
test\3f463d5931.jpg,pankaj_tripathi,76
test\4ffc452aa9.jpg,jimmy_sheirgill,42
test\9c5ff2cc29.jpg,kajol,45
test\f21c4dd964.jpg,pooja_bhatt,79
test\1d8cb0ff6e.jpg,zarina_wahab,133
test\859c5c15c8.jpg,randeep_hooda,100
test\21c02832c8.jpg,farhan_akhtar,31
test\0351c90167.jpg,jaspal_bhatti,40
test\4b0eb1f24a.jpg,shreyas_talpade,120
test\0d1522a665.jpg,kalki_koechlin,46
test\07e71d085f.jpg,hrithik_roshan,37
test\43a7d89b4c.jpg,amrish_puri,9
test\368e24dc37.jpg,mohanlal,61
test\68f2f1619b.jpg,saif_ali_khan,111
test\3b01a17323.jpg,pawan_malhotra,78
test\5d48795e4d.jpg,amjad_khan,6
test\73a1293807.jpg,om_puri,74
test\6e758a6011.jpg,chunky_panday,22
test\7fca8dfa3d.jpg,farooq_shaikh,33
test\229a928e1c.jpg,rajit_kapoor,94
test\81c94afcef.jpg,rajpal_yadav,96
test\a157b16084.jpg,randeep_hooda,100
test\78766b2071.jpg,rajkummar_rao,95
test\37d1d9c97a.jpg,jeetendra,41
test\00e14ea1ac.jpg,om_puri,74
test\94dd819966.jpg,rajkummar_rao,95
test\50ddb48b7a.jpg,kay_kay_menon,49
test\3be6afe557.jpg,kamal_haasan,47
test\68cb4a3714.jpg,kajol,45
test\070e3813ac.jpg,chunky_panday,22
test\ad0fe9a3c8.jpg,kangana_ranaut,48
test\110c683e3c.jpg,gulshan_grover,36
test\9c879abec1.jpg,mita_vashisht,59
test\5b6110d1e0.jpg,dilip_kumar,29
test\79f73e8ff6.jpg,shah_rukh_khan,116
test\39fd0d9522.jpg,amol_palekar,7
test\46a0314624.jpg,sharman_joshi,117
test\25016e3090.jpg,annu_kapoor,11
test\95d4809181.jpg,priyanka_chopra,85
test\42eda7d540.jpg,rajkummar_rao,95
test\9a8e586771.jpg,shah_rukh_khan,116
test\f0fd8a8b85.jpg,randeep_hooda,100
test\3433726a55.jpg,ratna_pathak_shah,104
test\6e6bbb3d79.jpg,om_puri,74
test\56fd779431.jpg,mohnish_bahl,62
test\086cd279ae.jpg,kalki_koechlin,46
test\97e27311b0.jpg,amrish_puri,9
test\529e9bb81f.jpg,nagarjuna_akkineni,65
test\349a6f181c.jpg,saif_ali_khan,111
test\9be8c116e3.jpg,richa_chadha,106
test\031f1ac218.jpg,utpal_dutt,128
test\9dffc06629.jpg,waheeda_rehman,132
test\11269a5d13.jpg,raj_babbar,89
test\139c9e7e26.jpg,irrfan_khan,39
test\146a961a31.jpg,annu_kapoor,11
test\38bf26041e.jpg,manoj_bajpayee,56
test\c49fceec1f.jpg,ajay_devgn,2
test\18426a214b.jpg,mita_vashisht,59
test\406d491d86.jpg,shabana_azmi,115
test\61ef3ac826.jpg,mita_vashisht,59
test\2e00aaf38b.jpg,pankaj_tripathi,76
test\49f2208b65.jpg,kalki_koechlin,46
test\ff5d0d1dc3.jpg,kalki_koechlin,46
test\66bc0ba5e1.jpg,amrish_puri,9
test\7c6fad701f.jpg,randeep_hooda,100
test\03ef6ecabd.jpg,kajol,45
test\27c248d0a2.jpg,ayushmann_khurrana,19
test\588d44ff6f.jpg,aruna_irani,15
test\aa22d2f1e1.jpg,shabana_azmi,115
test\381ce98de9.jpg,sharmila_tagore,118
test\22ccfbf872.jpg,rajkummar_rao,95
test\09d4fbfc1c.jpg,tinnu_anand,127
test\5f543143a0.jpg,rajkummar_rao,95
test\4de7cb53dd.jpg,saif_ali_khan,111
test\a953eb232a.jpg,sachin_khedekar,109
test\8cacb994ec.jpg,ajay_devgn,2
test\5e2b77da58.jpg,shah_rukh_khan,116
test\132b6e098c.jpg,navin_nischol,70
test\11ee0a14ce.jpg,prem_chopra,84
test\0f70efbc3c.jpg,kalki_koechlin,46
test\979008d326.jpg,saeed_jaffrey,110
test\7305b1fd0f.jpg,richa_chadha,106
test\30b9937858.jpg,pran,83
test\f86406e1b3.jpg,radhika_apte,87
test\6e43cc9f10.jpg,anupam_kher,12
test\94e9bdafd7.jpg,girish_karnad,34
test\17bf43eaab.jpg,ramya_krishnan,98
test\62092d3af8.jpg,danny_denzongpa,23
test\4d729d0cf4.jpg,pran,83
test\89df83475e.jpg,nagarjuna_akkineni,65
test\553540629c.jpg,rajkummar_rao,95
test\bfc4cbea48.jpg,anupam_kher,12
test\3fa00e9d3b.jpg,shabana_azmi,115
test\8dfe8a2a6f.jpg,shah_rukh_khan,116
test\74b95bf27c.jpg,konkona_sen_sharma,50
test\046bb31b3a.jpg,huma_qureshi,38
test\8de6981521.jpg,farooq_shaikh,33
test\9e0704106d.jpg,navin_nischol,70
test\5d117a77b3.jpg,randeep_hooda,100
test\30dd2a43e2.jpg,kalki_koechlin,46
test\35d3dcd322.jpg,lara_dutta,52
test\57d787a78b.jpg,rishi_kapoor,107
test\8cb666e2aa.jpg,girish_karnad,34
test\44de3795d1.jpg,neeraj_kabi,72
test\7df1e35eed.jpg,annu_kapoor,11
test\804ccaf85d.jpg,sharman_joshi,117
test\8d7c9a0c60.jpg,nargis,68
test\7ad58122df.jpg,zarina_wahab,133
test\8bf0f7a691.jpg,amol_palekar,7
test\626f796c1a.jpg,kamal_haasan,47
test\45097f0bb3.jpg,amol_palekar,7
test\1003c7fd52.jpg,shah_rukh_khan,116
test\7f4c14d653.jpg,chiranjeevi,21
test\8a5af703ea.jpg,hrithik_roshan,37
test\0fbb47bc4d.jpg,randeep_hooda,100
test\015bbdafe4.jpg,madhuri_dixit,54
test\646d3b9222.jpg,rajkummar_rao,95
test\f7c433ea28.jpg,amrish_puri,9
test\0693c0c22e.jpg,pankaj_kapur,75
test\fa95f2031c.jpg,sunny_deol,125
test\5b3d255e18.jpg,rekha,105
test\09071bb7c7.jpg,boman_irani,20
test\49b2fe71ed.jpg,hrithik_roshan,37
test\be1fffce09.jpg,raaj_kumar,86
test\6716771e00.jpg,rajat_kapoor,91
test\18ccde9f1e.jpg,jeetendra,41
test\774ae4d352.jpg,amitabh_bachchan,5
test\375d903305.jpg,annu_kapoor,11
test\17a7e60924.jpg,konkona_sen_sharma,50
test\61daeb51b7.jpg,mohanlal,61
test\34b382810d.jpg,jaspal_bhatti,40
test\381a81a190.jpg,rani_mukerji,101
test\36d539b2c7.jpg,mita_vashisht,59
test\6e42c82037.jpg,pankaj_kapur,75
test\8c1d82aef2.jpg,girish_karnad,34
test\c71bc066a0.jpg,lara_dutta,52
test\1f9659e624.jpg,farhan_akhtar,31
test\593d965915.jpg,salman_khan,112
test\9dc3c7e058.jpg,dimple_kapadia,30
test\66fe6b237c.jpg,saif_ali_khan,111
test\850879776d.jpg,kalki_koechlin,46
test\83ed448bf1.jpg,chiranjeevi,21
test\9d0131fe4b.jpg,dharmendra,28
test\22ac737347.jpg,hrithik_roshan,37
test\12f80d03f2.jpg,nirupa_roy,73
test\71a4afac71.jpg,kay_kay_menon,49
test\95ab7dd243.jpg,ayushmann_khurrana,19
test\630d7c992b.jpg,tinnu_anand,127
test\655eabe9ed.jpg,ajay_devgn,2
test\9decf37d6c.jpg,sharmila_tagore,118
test\6ab8e2313c.jpg,raaj_kumar,86
test\c38f920565.jpg,zarina_wahab,133
test\3a8088bf6f.jpg,raaj_kumar,86
test\27aefd3b1d.jpg,sunny_deol,125
test\678a9b95a7.jpg,sanjay_dutt,113
test\0e6989e6ae.jpg,rishi_kapoor,107
test\4923085a87.jpg,rekha,105
test\8247f1b4c8.jpg,jimmy_sheirgill,42
test\1c62780406.jpg,waheeda_rehman,132
test\7ba953dfeb.jpg,lara_dutta,52
test\7b2f10aa4f.jpg,madhavan,53
test\8af37e6dcb.jpg,rishi_kapoor,107
test\94d02a8288.jpg,ajay_devgn,2
test\3cc10e44c2.jpg,tinnu_anand,127
test\5b70d2aabf.jpg,dilip_kumar,29
test\9a74e9d099.jpg,girish_karnad,34
test\8d462154f3.jpg,farooq_shaikh,33
test\5f1d80b61b.jpg,annu_kapoor,11
test\048f698d66.jpg,saif_ali_khan,111
test\789f9ee32b.jpg,amjad_khan,6
test\376e75b452.jpg,waheeda_rehman,132
test\ab4329e693.jpg,amol_palekar,7
test\6f3d9f39dc.jpg,rajkummar_rao,95
test\42cbadc197.jpg,jaspal_bhatti,40
test\3d812ce8a5.jpg,rekha,105
test\1d355af64d.jpg,vinod_khanna,131
test\5c8dbb8d4a.jpg,akshay_kumar,3
test\14893f24b7.jpg,kangana_ranaut,48
test\8d241e9bcb.jpg,amitabh_bachchan,5
test\584c97b4e4.jpg,rani_mukerji,101
test\4b4113ea19.jpg,tinnu_anand,127
test\91ebde9b72.jpg,om_puri,74
test\791b3e785a.jpg,rajkummar_rao,95
test\80ace5af50.jpg,dharmendra,28
test\550a2d0ef5.jpg,konkona_sen_sharma,50
test\9547b4f12c.jpg,hrithik_roshan,37
test\57a3dc6908.jpg,pran,83
test\a89760cb1f.jpg,ajay_devgn,2
test\9f11ee0c85.jpg,amjad_khan,6
test\7aaa4d3bb1.jpg,rani_mukerji,101
test\ff1ba5fea3.jpg,asrani,17
test\107a7b38db.jpg,randeep_hooda,100
test\a75fe97f56.jpg,amol_palekar,7
test\170a098deb.jpg,radhika_apte,87
test\95ba04fba4.jpg,rishi_kapoor,107
test\28f8bab703.jpg,girish_karnad,34
test\2fe2deddde.jpg,mita_vashisht,59
test\8eaec32718.jpg,mukesh_khanna,63
test\4f5ee44d28.jpg,randeep_hooda,100
test\9c9cde6224.jpg,jaspal_bhatti,40
test\7dd9a99346.jpg,anushka_shetty,13
test\7d4568a935.jpg,raj_kapoor,90
test\736dac83e0.jpg,rajesh_khanna,92
test\5dedb8f3c7.jpg,mukesh_khanna,63
test\3d8067e7ce.jpg,mammootty,55
test\81e53c4ba3.jpg,rahul_bose,88
test\3c640a1223.jpg,kay_kay_menon,49
test\4e7358e79d.jpg,randeep_hooda,100
test\0c215c6d58.jpg,rani_mukerji,101
test\239d918e72.jpg,chiranjeevi,21
test\86b794745a.jpg,adil_hussain,1
test\9d6a648794.jpg,ajay_devgn,2
test\d17bc09d55.jpg,pankaj_tripathi,76
test\3d79393383.jpg,jaspal_bhatti,40
test\7e1ce12812.jpg,annu_kapoor,11
test\52f1b92afa.jpg,randeep_hooda,100
test\717e53dc66.jpg,mammootty,55
test\9b3382ff92.jpg,salman_khan,112
test\b58b8e2765.jpg,boman_irani,20
test\9e6009e471.jpg,neeraj_kabi,72
test\2c9e6c1ba8.jpg,randeep_hooda,100
test\9f2a32751d.jpg,annu_kapoor,11
test\61f53a31da.jpg,aruna_irani,15
test\83c4dc3b2f.jpg,amjad_khan,6
test\5bac6d973c.jpg,girish_karnad,34
test\135cad8467.jpg,irrfan_khan,39
test\3bb02e95f7.jpg,rajpal_yadav,96
test\5c4ffefcd7.jpg,farhan_akhtar,31
test\82b8f04406.jpg,rani_mukerji,101
test\250ea52017.jpg,gulshan_grover,36
test\4b19bdb426.jpg,amitabh_bachchan,5
test\638c2ec81b.jpg,hrithik_roshan,37
test\775e8b1042.jpg,jeetendra,41
test\71f08b8efc.jpg,aruna_irani,15
test\2fd1170486.jpg,prabhu_deva,81
test\32cd02becd.jpg,amrish_puri,9
test\9b20836af1.jpg,salman_khan,112
test\8cb1c30479.jpg,ajay_devgn,2
test\6cfc1561d7.jpg,ranbir_kapoor,99
test\8f966c6365.jpg,mita_vashisht,59
test\72ac44fb7a.jpg,neeraj_kabi,72
test\7427d9fd86.jpg,navin_nischol,70
test\5ef819aff8.jpg,adil_hussain,1
test\63a63fe930.jpg,amol_palekar,7
test\7ac7b0988c.jpg,radhika_apte,87
test\5a1345d07e.jpg,ajay_devgn,2
test\6a707aa3ac.jpg,mohanlal,61
test\c2db69a4d5.jpg,irrfan_khan,39
test\91b9a6111e.jpg,kader_khan,44
test\8f9d0c9eee.jpg,girish_karnad,34
test\2c20d021e0.jpg,girish_karnad,34
test\499e424c66.jpg,nagarjuna_akkineni,65
test\b2dac7df3f.jpg,richa_chadha,106
test\ad7453a753.jpg,nagarjuna_akkineni,65
test\b346517f7b.jpg,adil_hussain,1
test\4c83cb59f1.jpg,sanjay_mishra,114
test\5a0f43bb63.jpg,kay_kay_menon,49
test\933a6057f8.jpg,raaj_kumar,86
test\91f41c54de.jpg,kangana_ranaut,48
test\3e725434ad.jpg,saeed_jaffrey,110
test\15b81f0fc2.jpg,nagarjuna_akkineni,65
test\9be8a8de68.jpg,riteish_deshmukh,108
test\58ca3c170e.jpg,kamal_haasan,47
test\6d722a3bb1.jpg,jaspal_bhatti,40
test\7a83b52da6.jpg,jaspal_bhatti,40
test\8d5f188b39.jpg,kajol,45
test\6c32369fa2.jpg,akshay_kumar,3
test\7c6c638bb4.jpg,raj_kapoor,90
test\9aec9f19b7.jpg,pawan_malhotra,78
test\35a3fa37f8.jpg,rekha,105
test\8d629c7e44.jpg,shabana_azmi,115
test\4b7b326c1d.jpg,mammootty,55
test\82bd45ee16.jpg,kamal_haasan,47
test\8c164d685f.jpg,kangana_ranaut,48
test\39a609fed5.jpg,mita_vashisht,59
test\6908f45ec6.jpg,govinda,35
test\80bd14979d.jpg,kulbhushan_kharbanda,51
test\57a843e8b8.jpg,pooja_bhatt,79
test\31ef7f4a8e.jpg,om_puri,74
test\580ccd829e.jpg,mohanlal,61
test\039bcac9c7.jpg,ranbir_kapoor,99
test\4a7b8720c3.jpg,rishi_kapoor,107
test\7ea718cf4d.jpg,soumitra_chatterjee,122
test\271edb1277.jpg,farhan_akhtar,31
test\510b599033.jpg,dilip_kumar,29
test\5ace92f836.jpg,mithun_chakraborty,60
test\853dce2f80.jpg,mita_vashisht,59
test\3cc2ab9b14.jpg,amol_palekar,7
test\download (2).jpg,ajay_devgn,2
test\2592e6a955.jpg,sanjay_mishra,114
test\0d09dbd4e1.jpg,zeenat_aman,134
test\74ba8e8e8f.jpg,mammootty,55
test\3bfe1aa832.jpg,danny_denzongpa,23
test\8cd746f05e.jpg,sanjay_dutt,113
test\58bd944953.jpg,sanjay_dutt,113
test\ae81ced93b.jpg,asrani,17
test\bb86025cd6.jpg,rekha,105
test\9cb23b67b6.jpg,rajat_kapoor,91
test\99cc46a759.jpg,prem_chopra,84
test\033ae3c072.jpg,ranveer_singh,102
test\6ed10d9b2c.jpg,adil_hussain,1
test\aa002c230e.jpg,pankaj_tripathi,76
test\1ccd654c8d.jpg,danny_denzongpa,23
test\29aaef2327.jpg,sanjay_dutt,113
test\08e7d1ad67.jpg,ratna_pathak_shah,104
test\6204c79c21.jpg,darsheel_safary,24
test\71b75b3f60.jpg,rajkummar_rao,95
test\66ca137cd2.jpg,kader_khan,44
test\0d6d5062b3.jpg,ajay_devgn,2
test\89add1f978.jpg,rishi_kapoor,107
test\7ed0fd47ce.jpg,raj_kapoor,90
test\9b631f7489.jpg,sunil_shetty,124
test\18f55b9586.jpg,amol_palekar,7
test\41e81dbf13.jpg,dharmendra,28
test\18e810a5af.jpg,ratna_pathak_shah,104
test\8a30160d68.jpg,mammootty,55
test\04d0bc4dc5.jpg,shashi_kapoor,119
test\34693ddf56.jpg,paresh_rawal,77
test\3ef4147bef.jpg,rajesh_khanna,92
test\3bded97718.jpg,farooq_shaikh,33
test\7c3bdf8a52.jpg,mita_vashisht,59
test\88837c06c4.jpg,anupam_kher,12
test\15bfb4f9e0.jpg,mita_vashisht,59
test\0a74dd9faf.jpg,riteish_deshmukh,108
test\bf4e552126.jpg,amol_palekar,7
test\43cb0db74f.jpg,saif_ali_khan,111
test\455a255f21.jpg,amrish_puri,9
test\6b07fdb508.jpg,kay_kay_menon,49
test\26d85bc36d.jpg,anupam_kher,12
test\357f65468a.jpg,randeep_hooda,100
test\7602585a22.jpg,govinda,35
test\53f4f91e1a.jpg,ayushmann_khurrana,19
test\939da446d9.jpg,rishi_kapoor,107
test\3014423ed7.jpg,anupam_kher,12
test\6f6ffe1d45.jpg,dharmendra,28
test\94fd4c25fd.jpg,kulbhushan_kharbanda,51
test\14ac7236e1.jpg,boman_irani,20
test\8f83074f26.jpg,shabana_azmi,115
test\689c3f6759.jpg,rajkummar_rao,95
test\3c4751d656.jpg,dev_anand,27
test\4b06fe8824.jpg,richa_chadha,106
test\28fc091fa5.jpg,rahul_bose,88
test\55d4bd5ea4.jpg,rekha,105
test\030adcacba.jpg,salman_khan,112
test\5d456af324.jpg,kader_khan,44
test\8f836d94a8.jpg,dilip_kumar,29
test\9f61d54b15.jpg,kay_kay_menon,49
test\29f4626fca.jpg,manoj_pahwa,57
test\9f370be83d.jpg,kamal_haasan,47
test\20d761b483.jpg,saif_ali_khan,111
test\29ed5dbb93.jpg,kalki_koechlin,46
test\33dfa26afb.jpg,nana_patekar,66
test\4b7f2e5793.jpg,ajay_devgn,2
test\be94c24420.jpg,kalki_koechlin,46
test\163acc49ee.jpg,farooq_shaikh,33
test\4a908506a9.jpg,rakhee_gulzar,97
test\42da1284c3.jpg,jaspal_bhatti,40
test\download.jpg,pankaj_kapur,75
test\11648d5a26.jpg,dilip_kumar,29
test\9b533d648d.jpg,rani_mukerji,101
test\4c602b06c9.jpg,paresh_rawal,77
test\68ca005c96.jpg,pran,83
test\3d89e4f23e.jpg,chunky_panday,22
test\9a8ab885bb.jpg,saif_ali_khan,111
test\75b5e032ef.jpg,sharmila_tagore,118
test\05eb95137b.jpg,nagarjuna_akkineni,65
test\072e31739e.jpg,rajpal_yadav,96
test\1008f0a549.jpg,akshaye_khanna,4
test\59dee6fe3f.jpg,shreyas_talpade,120
test\88a5355915.jpg,raaj_kumar,86
test\08a8989936.jpg,ashish_vidyarthi,16
test\9d3400c5a6.jpg,neeraj_kabi,72
test\5e8ac0de2d.jpg,boman_irani,20
test\79ea16f4fe.jpg,ranveer_singh,102
test\7cd26f005c.jpg,paresh_rawal,77
test\528d282fad.jpg,pankaj_kapur,75
test\6c32bf11e3.jpg,raaj_kumar,86
test\4c71f80efb.jpg,sharman_joshi,117
test\39873387e4.jpg,tinnu_anand,127
test\6f655dd4b1.jpg,nana_patekar,66
test\350b758456.jpg,amol_palekar,7
test\768be35c97.jpg,jimmy_sheirgill,42
test\3e559bb30e.jpg,madhuri_dixit,54
test\2596aa5875.jpg,rekha,105
test\72bfd908f5.jpg,waheeda_rehman,132
test\4a3150141e.jpg,akshaye_khanna,4
test\5eac6f55e0.jpg,mohanlal,61
test\44c9154750.jpg,om_puri,74
test\4b2342fed5.jpg,shashi_kapoor,119
test\cb6c90c500.jpg,rani_mukerji,101
test\0836ae9e8a.jpg,jimmy_sheirgill,42
test\2d83d335dc.jpg,prakash_raj,82
test\bd0216b096.jpg,sunny_deol,125
test\025eb8dbf1.jpg,atul_kulkarni,18
test\5eb358022e.jpg,kalki_koechlin,46
test\199cddb55f.jpg,pran,83
test\596fbd408a.jpg,ranveer_singh,102
test\589a685c78.jpg,kay_kay_menon,49
test\47c5b1d2ae.jpg,amrish_puri,9
test\6bb5398029.jpg,ajay_devgn,2
test\4b37bce46f.jpg,danny_denzongpa,23
test\50f4e577d2.jpg,amol_palekar,7
test\710bee72f0.jpg,mukul_dev,64
test\0235db7623.jpg,farhan_akhtar,31
test\09c871b001.jpg,rajkummar_rao,95
test\10c27a4ed7.jpg,sridevi,123
test\8e3a2b7edd.jpg,amole_gupte,8
test\960ae75e06.jpg,waheeda_rehman,132
test\5cea031357.jpg,aruna_irani,15
test\5b71b281cf.jpg,utpal_dutt,128
test\91b333b464.jpg,johnny_lever,43
test\97c3388e9e.jpg,anushka_shetty,13
test\2401368fc8.jpg,mukesh_khanna,63
test\86c646b083.jpg,anushka_shetty,13
test\54ca695748.jpg,vinod_khanna,131
test\5244d74615.jpg,sanjay_mishra,114
test\95dda939c0.jpg,utpal_dutt,128
test\ed97bc39a9.jpg,randeep_hooda,100
test\040e9ffd47.jpg,hrithik_roshan,37
test\699e37dc28.jpg,saif_ali_khan,111
test\4ab52e835f.jpg,pankaj_tripathi,76
test\50e7186d9f.jpg,ajay_devgn,2
test\595ea4c6c5.jpg,nawazuddin_siddiqui,71
test\4eede2a01d.jpg,nana_patekar,66
test\07cfb8db1a.jpg,tinnu_anand,127
test\c637b8879c.jpg,waheeda_rehman,132
test\3002fd0644.jpg,mohnish_bahl,62
test\322c474332.jpg,mohnish_bahl,62
test\36de7c694b.jpg,rishi_kapoor,107
test\481de55152.jpg,pankaj_tripathi,76
test\35ac79921f.jpg,shabana_azmi,115
test\51e0430b57.jpg,pankaj_tripathi,76
test\592a0222ec.jpg,kamal_haasan,47
test\3ca27cdc29.jpg,chunky_panday,22
test\922e2257b7.jpg,paresh_rawal,77
test\044859069a.jpg,mita_vashisht,59
test\c89ced6e5b.jpg,amitabh_bachchan,5
test\71774f0615.jpg,govinda,35
test\7d08dfeb17.jpg,hrithik_roshan,37
test\4a20f5f49d.jpg,mukul_dev,64
test\17da1f830d.jpg,rishi_kapoor,107
test\4b0532f19f.jpg,chunky_panday,22
test\5b981453a2.jpg,sanjay_dutt,113
test\e05218f48f.jpg,raj_babbar,89
test\460cf5ea29.jpg,farooq_shaikh,33
test\64ffca4e0d.jpg,mita_vashisht,59
test\9dca1107b4.jpg,paresh_rawal,77
test\7cc7e970f3.jpg,soumitra_chatterjee,122
test\6208c0a0b0.jpg,hrithik_roshan,37
test\240b8a36b0.jpg,asrani,17
test\65b56e7cdc.jpg,zarina_wahab,133
test\9bb1d5f4af.jpg,zarina_wahab,133
test\113872bbca.jpg,mithun_chakraborty,60
test\8d23cf1bc1.jpg,jimmy_sheirgill,42
test\4b70219242.jpg,rakhee_gulzar,97
test\b699dc0d1b.jpg,kalki_koechlin,46
test\2cc443eecf.jpg,mohnish_bahl,62
test\24531c9312.jpg,pankaj_tripathi,76
test\4c6c957b1d.jpg,nagarjuna_akkineni,65
test\066f4873c0.jpg,kay_kay_menon,49
test\994978fd57.jpg,mohnish_bahl,62
test\6c74cba6ca.jpg,amrish_puri,9
test\3d56017eab.jpg,richa_chadha,106
test\ea3fb2b7e4.jpg,rajinikanth,93
test\7e5390d033.jpg,ranveer_singh,102
test\5aaed0a274.jpg,prabhu_deva,81
test\b2b375cc49.jpg,ajay_devgn,2
test\0be8a48d77.jpg,nagarjuna_akkineni,65
test\28bf3bd93a.jpg,kajol,45
test\6e8798ee2b.jpg,mita_vashisht,59
test\90f9d3f6ed.jpg,randeep_hooda,100
test\5b06357520.jpg,mehmood,58
test\2dd5e1e995.jpg,anupam_kher,12
test\3e3f93fb46.jpg,jaspal_bhatti,40
test\34f3fcf591.jpg,raaj_kumar,86
test\7cc28d8641.jpg,lara_dutta,52
test\05f47537d4.jpg,annu_kapoor,11
test\19b7af3dae.jpg,sridevi,123
test\7cd205de88.jpg,tinnu_anand,127
test\59c22e1f69.jpg,dilip_kumar,29
test\91116e8d03.jpg,ranveer_singh,102
test\3ea116c21e.jpg,paresh_rawal,77
test\707ef6df3a.jpg,pran,83
test\4bc7481e92.jpg,nargis,68
test\088b957dbd.jpg,navin_nischol,70
test\9a89a0a391.jpg,lara_dutta,52
test\fff948cc42.jpg,sachin_khedekar,109
test\971b05c6d1.jpg,hrithik_roshan,37
test\26e5239767.jpg,hrithik_roshan,37
test\178081abd1.jpg,rekha,105
test\39af682ed4.jpg,saif_ali_khan,111
test\98ce76b1f2.jpg,navin_nischol,70
test\976335d8be.jpg,boman_irani,20
test\80b1ec3b45.jpg,danny_denzongpa,23
test\7a5d5a2dd2.jpg,dilip_kumar,29
test\8fcad7042c.jpg,sharmila_tagore,118
test\703f9add2b.jpg,raaj_kumar,86
test\30a0525a18.jpg,amol_palekar,7
test\478cb2b723.jpg,waheeda_rehman,132
test\188e7bdf4b.jpg,shabana_azmi,115
test\74be0a0912.jpg,rajkummar_rao,95
test\169bdb8a71.jpg,rishi_kapoor,107
test\4e4de9419e.jpg,mita_vashisht,59
test\03eebbfd72.jpg,prem_chopra,84
test\25368d86b4.jpg,abhay_deol,0
test\1feac0cfe2.jpg,tabu,126
test\9a6f1ea986.jpg,om_puri,74
test\da84457358.jpg,aruna_irani,15
test\619cd66458.jpg,paresh_rawal,77
test\09d873bef9.jpg,lara_dutta,52
test\4fa686a708.jpg,kader_khan,44
test\04da1e48bd.jpg,kajol,45
test\773bea2490.jpg,shashi_kapoor,119
test\a7a1d01aed.jpg,nana_patekar,66
test\9fe081acc5.jpg,riteish_deshmukh,108
test\121ea859bc.jpg,vinod_khanna,131
test\73b64b682f.jpg,kalki_koechlin,46
test\4df4fa5a6a.jpg,navin_nischol,70
test\ca92c3ed6e.jpg,radhika_apte,87
test\7f99d560d8.jpg,arshad_warsi,14
test\7eae9b1794.jpg,annu_kapoor,11
test\6e8c149dc0.jpg,rajkummar_rao,95
test\d8e64b123e.jpg,zeenat_aman,134
test\bb86d55fe9.jpg,deepti_naval,26
test\700db5eb6b.jpg,kajol,45
test\74f92d786d.jpg,dilip_kumar,29
test\026cede0a4.jpg,mita_vashisht,59
test\652c0a4754.jpg,shreyas_talpade,120
test\4e2256ba63.jpg,dev_anand,27
test\56a59912f1.jpg,rekha,105
test\cb22079e28.jpg,raj_kapoor,90
test\4b3d8e8134.jpg,pankaj_tripathi,76
test\21a63df152.jpg,kader_khan,44
test\60d56517f0.jpg,boman_irani,20
test\725ab130cf.jpg,mita_vashisht,59
test\069ed2023d.jpg,deepti_naval,26
test\4fb9602340.jpg,amol_palekar,7
test\4dcb7fc04e.jpg,lara_dutta,52
test\6d4a7e495f.jpg,asrani,17
test\210ae1ed9e.jpg,rajinikanth,93
test\4ddc50f627.jpg,rani_mukerji,101
test\4bed542262.jpg,amol_palekar,7
test\43f890762f.jpg,richa_chadha,106
test\18fcdb7be1.jpg,madhavan,53
test\1a866b3ded.jpg,sharmila_tagore,118
test\7b5d4ed1b6.jpg,aruna_irani,15
test\1c0eb555a6.jpg,anil_kapoor,10
test\191d1e710e.jpg,tabu,126
test\8b03662581.jpg,prem_chopra,84
test\69bcd65230.jpg,lara_dutta,52
test\cc744049c3.jpg,boman_irani,20
test\3c4e163551.jpg,paresh_rawal,77
test\43f9d24e19.jpg,dilip_kumar,29
test\5a5c5e824f.jpg,kalki_koechlin,46
test\47c4d7c81a.jpg,ramya_krishnan,98
test\8e414abbe2.jpg,amol_palekar,7
test\23dd97457a.jpg,sharmila_tagore,118
test\72c9b29169.jpg,shabana_azmi,115
test\14afaee3ac.jpg,lara_dutta,52
test\8cd2864bfe.jpg,rajpal_yadav,96
test\692f012f8f.jpg,kader_khan,44
test\c09d5d5127.jpg,prem_chopra,84
test\1377b14b02.jpg,rajinikanth,93
test\00420fc06d.jpg,sharman_joshi,117
test\4b21034543.jpg,sanjay_dutt,113
test\4d97fb81b1.jpg,dimple_kapadia,30
test\39a9abda23.jpg,lara_dutta,52
test\0a02c7368d.jpg,manoj_pahwa,57
test\419c9fc05a.jpg,shreyas_talpade,120
test\839ae5f4d8.jpg,mithun_chakraborty,60
test\5de62e7645.jpg,ranveer_singh,102
test\93d7416cfc.jpg,anil_kapoor,10
test\14df2b95bb.jpg,prem_chopra,84
test\30bc895c66.jpg,tinnu_anand,127
test\41c32f5f06.jpg,mita_vashisht,59
test\3f78e11807.jpg,kajol,45
test\0e41bde713.jpg,shabana_azmi,115
test\images (9).jpg,irrfan_khan,39
test\212c73539a.jpg,mithun_chakraborty,60
test\9c66eea695.jpg,riteish_deshmukh,108
test\a1e254e809.jpg,girish_karnad,34
test\400567ae9d.jpg,kay_kay_menon,49
test\54f1643d57.jpg,jeetendra,41
test\0e2256dad5.jpg,hrithik_roshan,37
test\69f96affc0.jpg,kamal_haasan,47
test\5efc0da27a.jpg,radhika_apte,87
test\20ed0a1f6b.jpg,ramya_krishnan,98
test\9a70459626.jpg,hrithik_roshan,37
test\85a2be8493.jpg,girish_karnad,34
test\451f47c241.jpg,chunky_panday,22
test\22c9ec84c7.jpg,asrani,17
test\a9066ae974.jpg,raj_kapoor,90
test\974fe2e6df.jpg,priyanka_chopra,85
test\4290a00b79.jpg,raj_kapoor,90
test\696a3c84d7.jpg,mohnish_bahl,62
test\8d2eeb1a0c.jpg,mohnish_bahl,62
test\5e85cbc5c2.jpg,kalki_koechlin,46
test\80bc93d0f3.jpg,anupam_kher,12
test\53aa818dc4.jpg,sachin_khedekar,109
test\6e35d08d67.jpg,tabu,126
test\06dbe2c13f.jpg,prem_chopra,84
test\6a51654768.jpg,jeetendra,41
test\4c62367045.jpg,mukul_dev,64
test\18f42840df.jpg,kamal_haasan,47
test\5d5747d598.jpg,mita_vashisht,59
test\b32de9df23.jpg,rajesh_khanna,92
test\16fa644041.jpg,raj_kapoor,90
test\891dedf700.jpg,konkona_sen_sharma,50
test\832abc6b31.jpg,raj_kapoor,90
test\26538f06de.jpg,vinod_khanna,131
test\4abde1f1a0.jpg,prem_chopra,84
test\a47e090335.jpg,kalki_koechlin,46
test\8f29a79dc5.jpg,raj_kapoor,90
test\7db9f67bfe.jpg,om_puri,74
test\1841f50bff.jpg,shreyas_talpade,120
test\9a8b9c004e.jpg,mithun_chakraborty,60
test\651ca3dc70.jpg,sunil_shetty,124
test\84a84b9ac8.jpg,pooja_bhatt,79
test\9afac81ca1.jpg,tinnu_anand,127
test\5d1a3f1e3d.jpg,rekha,105
test\8f5cb64dd7.jpg,akshaye_khanna,4
test\04b40d4098.jpg,madhuri_dixit,54
test\5b5c6f311f.jpg,mukul_dev,64
test\2d76ae56dd.jpg,navin_nischol,70
test\836c6c9f26.jpg,akshay_kumar,3
test\35bdf3b9e1.jpg,naseeruddin_shah,69
test\8119f041f9.jpg,prakash_raj,82
test\d6371fc24a.jpg,pooja_bhatt,79
test\5233eec3fc.jpg,dilip_kumar,29
test\5fe5238171.jpg,ranvir_shorey,103
test\3ad96a4dd1.jpg,dharmendra,28
test\27ad55a824.jpg,navin_nischol,70
test\6c0c924cd1.jpg,boman_irani,20
test\3bf05950e8.jpg,rajkummar_rao,95
test\043f3f89d5.jpg,ajay_devgn,2
test\5115a37dd3.jpg,manoj_bajpayee,56
test\06f1b493d6.jpg,kangana_ranaut,48
test\262eb1afb1.jpg,deepti_naval,26
test\a57ec87230.jpg,amitabh_bachchan,5
test\298db23c43.jpg,manoj_bajpayee,56
test\3879e4fd32.jpg,saif_ali_khan,111
test\044f1aaa04.jpg,om_puri,74
test\133c0f7a54.jpg,adil_hussain,1
test\4d4f7c365e.jpg,konkona_sen_sharma,50
test\a71908ad2a.jpg,rajinikanth,93
test\345d0ef4d1.jpg,danny_denzongpa,23
test\8317e44803.jpg,rakhee_gulzar,97
test\4ae91e9b69.jpg,farhan_akhtar,31
test\62c1265274.jpg,raj_kapoor,90
test\084a1f365e.jpg,tinnu_anand,127
test\8f080a3633.jpg,priyanka_chopra,85
test\5251305963.jpg,shashi_kapoor,119
test\67d6fc35cc.jpg,mukesh_khanna,63
test\6ffce037a4.jpg,dharmendra,28
test\340772bb6e.jpg,sharmila_tagore,118
test\41bc28a6e4.jpg,prem_chopra,84
test\905ab7a3ae.jpg,kader_khan,44
test\070ffeea34.jpg,kalki_koechlin,46
test\21f143ef42.jpg,nandita_das,67
test\4c99b51917.jpg,ranvir_shorey,103
test\82481ea581.jpg,sharman_joshi,117
test\295e69e61f.jpg,nandita_das,67
test\9e08ce0a81.jpg,rajat_kapoor,91
test\afb0730621.jpg,ajay_devgn,2
test\ef086d8624.jpg,mohnish_bahl,62
test\4207f118d0.jpg,saeed_jaffrey,110
test\517a10856d.jpg,riteish_deshmukh,108
test\751f5e8a64.jpg,kulbhushan_kharbanda,51
test\25be125341.jpg,sharmila_tagore,118
test\6a3fbf5c2c.jpg,radhika_apte,87
test\3f0256c0d1.jpg,hrithik_roshan,37
test\3cf9df17b2.jpg,om_puri,74
test\0a97abed5a.jpg,sanjay_dutt,113
test\40ac95c3c1.jpg,paresh_rawal,77
test\5d752149e7.jpg,ranveer_singh,102
test\914006467e.jpg,radhika_apte,87
test\8d0be25972.jpg,prabhas,80
test\7d7974f7cd.jpg,anupam_kher,12
test\8b93926d86.jpg,anupam_kher,12
test\0a7c88e19d.jpg,nana_patekar,66
test\80e39d80b5.jpg,mithun_chakraborty,60
test\3ec7bdf63c.jpg,govinda,35
test\03f5d98de2.jpg,rajpal_yadav,96
test\3a1a6f65e4.jpg,aruna_irani,15
test\00db6d049b.jpg,rajat_kapoor,91
test\c45bb9911a.jpg,nandita_das,67
test\7e33aa98cb.jpg,zarina_wahab,133
test\94e8f21fd7.jpg,aruna_irani,15
test\4a6e5190a4.jpg,mukul_dev,64
test\29b9d08e70.jpg,om_puri,74
test\3c04624a21.jpg,richa_chadha,106
test\43ec905240.jpg,konkona_sen_sharma,50
test\7730afd7b5.jpg,rajkummar_rao,95
test\3bbab65fc8.jpg,kulbhushan_kharbanda,51
test\296fcadb92.jpg,mita_vashisht,59
test\38e0aa76bb.jpg,ratna_pathak_shah,104
test\373701e40b.jpg,ajay_devgn,2
test\38164a1f4c.jpg,tabu,126
test\ef6183b7ec.jpg,rani_mukerji,101
test\6dd28aa14e.jpg,chiranjeevi,21
test\20dbe5af73.jpg,ranveer_singh,102
test\19ca27b41f.jpg,ranveer_singh,102
test\73e0ef9f97.jpg,paresh_rawal,77
test\5674d60503.jpg,randeep_hooda,100
test\c783fe9cf6.jpg,nirupa_roy,73
test\903d991f61.jpg,navin_nischol,70
test\8b7124cb07.jpg,zarina_wahab,133
test\2f15e1ca99.jpg,aruna_irani,15
test\496d033c41.jpg,pran,83
test\7a9baa7e12.jpg,rajkummar_rao,95
test\3f248fb9a4.jpg,mita_vashisht,59
test\6528cd0988.jpg,anil_kapoor,10
test\6ccc31420d.jpg,dilip_kumar,29
test\7ff20d7650.jpg,utpal_dutt,128
test\83c6eaf2dc.jpg,riteish_deshmukh,108
test\6c4477935c.jpg,anupam_kher,12
test\86de0beb25.jpg,akshaye_khanna,4
test\9de7307b9f.jpg,shabana_azmi,115
test\3afd6136eb.jpg,kamal_haasan,47
test\957d61fe0d.jpg,kalki_koechlin,46
test\33f5d99724.jpg,darsheel_safary,24
test\066e2b74d2.jpg,govinda,35
test\78a1c5973b.jpg,raj_kapoor,90
test\012a7e4f41.jpg,vidya_balan,130
test\4ccdab8533.jpg,mohnish_bahl,62
test\0bbdb98f05.jpg,mita_vashisht,59
test\287bc2ff0f.jpg,ranveer_singh,102
test\2ea1d5e3cc.jpg,amrish_puri,9
test\7a77912e52.jpg,shashi_kapoor,119
test\9fbfef2851.jpg,smita_patil,121
test\67e49f5f60.jpg,kangana_ranaut,48
test\5bb7858483.jpg,rajat_kapoor,91
test\13760eb2aa.jpg,pooja_bhatt,79
test\308a1a5dc1.jpg,randeep_hooda,100
test\8fc398852e.jpg,sachin_khedekar,109
test\aaae83a721.jpg,kamal_haasan,47
test\91e957862f.jpg,amole_gupte,8
test\56c7efb274.jpg,rajkummar_rao,95
test\5a8a96b8f7.jpg,rajesh_khanna,92
test\44fae73695.jpg,sunny_deol,125
test\f26b1d4dc2.jpg,irrfan_khan,39
test\13b6761598.jpg,utpal_dutt,128
test\4c7ce3210b.jpg,nandita_das,67
test\383dc6a1ff.jpg,raj_babbar,89
test\656a838b76.jpg,atul_kulkarni,18
test\fab7b2babd.jpg,paresh_rawal,77
test\0315f279eb.jpg,kay_kay_menon,49
test\8aa6b602e8.jpg,pankaj_kapur,75
test\13f3aceddd.jpg,prakash_raj,82
test\8e978c4b49.jpg,chiranjeevi,21
test\547a713dae.jpg,kalki_koechlin,46
test\70ccb17263.jpg,rajkummar_rao,95
test\203f5c1a37.jpg,ajay_devgn,2
test\download (10).jpg,dilip_kumar,29
test\7f828bf430.jpg,riteish_deshmukh,108
test\f1fe308c7c.jpg,kangana_ranaut,48
test\3cf9d71e4e.jpg,annu_kapoor,11
test\79fb70036a.jpg,chiranjeevi,21
test\15832e7ea4.jpg,mita_vashisht,59
